2024-09-08T21:23:01Z	429 Too Many Requests
2024-09-08T21:23:12Z	429 Too Many Requests
2024-09-08T21:23:17Z	429 Too Many Requests
2024-09-08T21:23:22Z	429 Too Many Requests
2024-09-08T21:23:27Z	429 Too Many Requests
2024-09-08T21:23:38Z	429 Too Many Requests
2024-09-08T21:41:19Z	502 Bad Gateway
2024-09-08T21:41:39Z	502 Bad Gateway
2024-09-08T21:44:19Z	503 Service Unavailable: Back-end server is at capacity
2024-09-08T21:44:58Z	503 Service Unavailable: Back-end server is at capacity
2024-09-08T21:45:31Z	503 Service Unavailable: Back-end server is at capacity
2024-09-08T21:50:31Z	429 Too Many Requests
2024-09-08T21:51:56Z	429 Too Many Requests
2024-09-08T21:52:02Z	429 Too Many Requests
2024-09-08T21:52:08Z	429 Too Many Requests
2024-09-08T21:52:24Z	429 Too Many Requests
2024-09-08T21:52:31Z	429 Too Many Requests
2024-09-08T21:52:51Z	429 Too Many Requests
2024-09-08T22:01:45Z	502 Bad Gateway
2024-09-08T22:03:51Z	502 Bad Gateway
2024-09-08T22:11:30Z	429 Too Many Requests
2024-09-08T22:11:41Z	429 Too Many Requests
2024-09-08T22:11:46Z	429 Too Many Requests
2024-09-08T22:11:51Z	429 Too Many Requests
2024-09-08T22:12:05Z	429 Too Many Requests
2024-09-08T22:12:09Z	429 Too Many Requests
2024-09-08T22:12:12Z	429 Too Many Requests
2024-09-08T22:12:16Z	429 Too Many Requests
2024-09-08T22:12:29Z	429 Too Many Requests
2024-09-08T22:12:50Z	429 Too Many Requests
2024-09-08T22:12:55Z	429 Too Many Requests
2024-09-08T22:13:00Z	429 Too Many Requests
2024-09-08T22:13:12Z	429 Too Many Requests
2024-09-08T22:13:16Z	429 Too Many Requests
2024-09-08T22:13:22Z	429 Too Many Requests
2024-09-08T22:13:36Z	429 Too Many Requests
2024-09-08T22:13:41Z	429 Too Many Requests
2024-09-08T22:17:50Z	429 Too Many Requests
2024-09-08T22:17:58Z	429 Too Many Requests
2024-09-08T22:18:04Z	429 Too Many Requests
2024-09-08T22:18:25Z	429 Too Many Requests
2024-09-08T22:36:15Z	429 Too Many Requests
2024-09-08T22:36:24Z	429 Too Many Requests
2024-09-08T22:36:42Z	429 Too Many Requests
2024-09-08T22:36:47Z	429 Too Many Requests
2024-09-08T22:37:14Z	429 Too Many Requests
2024-09-08T22:37:18Z	429 Too Many Requests
2024-09-08T22:37:24Z	429 Too Many Requests
2024-09-08T22:37:37Z	429 Too Many Requests
2024-09-08T22:37:47Z	429 Too Many Requests
2024-09-08T22:37:59Z	429 Too Many Requests
2024-09-08T22:38:03Z	429 Too Many Requests
2024-09-08T22:38:12Z	429 Too Many Requests
2024-09-08T22:38:25Z	429 Too Many Requests
2024-09-08T22:38:29Z	429 Too Many Requests
2024-09-08T22:38:33Z	429 Too Many Requests
2024-09-08T22:38:38Z	429 Too Many Requests
2024-09-08T22:38:48Z	429 Too Many Requests
2024-09-08T22:39:00Z	429 Too Many Requests
2024-09-08T22:39:13Z	429 Too Many Requests
2024-09-08T22:39:17Z	429 Too Many Requests
2024-09-08T22:39:22Z	429 Too Many Requests
2024-09-08T22:39:34Z	429 Too Many Requests
2024-09-08T22:39:58Z	429 Too Many Requests
2024-09-08T22:40:26Z	429 Too Many Requests
2024-09-08T22:41:02Z	429 Too Many Requests
2024-09-08T22:41:06Z	429 Too Many Requests
2024-09-08T22:45:43Z	429 Too Many Requests
2024-09-08T22:45:47Z	429 Too Many Requests
2024-09-08T22:46:20Z	429 Too Many Requests
2024-09-08T22:46:25Z	429 Too Many Requests
2024-09-08T22:46:30Z	429 Too Many Requests
2024-09-08T22:46:45Z	429 Too Many Requests
2024-09-08T22:46:48Z	429 Too Many Requests
2024-09-08T22:47:05Z	429 Too Many Requests
2024-09-08T22:47:09Z	429 Too Many Requests
2024-09-08T22:47:30Z	429 Too Many Requests
2024-09-08T22:47:51Z	429 Too Many Requests
2024-09-08T22:48:12Z	429 Too Many Requests
2024-09-08T22:48:24Z	429 Too Many Requests
2024-09-08T22:49:06Z	429 Too Many Requests
2024-09-08T22:49:18Z	429 Too Many Requests
2024-09-08T22:49:29Z	429 Too Many Requests
2024-09-08T23:41:51Z	429 Too Many Requests
2024-09-08T23:41:55Z	429 Too Many Requests
2024-09-08T23:42:23Z	429 Too Many Requests
2024-09-08T23:42:28Z	429 Too Many Requests
2024-09-08T23:42:32Z	429 Too Many Requests
2024-09-08T23:42:42Z	429 Too Many Requests
2024-09-08T23:42:47Z	429 Too Many Requests
2024-09-08T23:42:52Z	429 Too Many Requests
2024-09-08T23:46:13Z	429 Too Many Requests
2024-09-08T23:46:19Z	429 Too Many Requests
2024-09-08T23:46:24Z	429 Too Many Requests
2024-09-08T23:46:32Z	429 Too Many Requests
2024-09-08T23:46:39Z	429 Too Many Requests
2024-09-08T23:46:43Z	429 Too Many Requests
2024-09-08T23:46:57Z	429 Too Many Requests
2024-09-08T23:47:25Z	429 Too Many Requests
2024-09-08T23:47:28Z	429 Too Many Requests
2024-09-08T23:55:38Z	502 Bad Gateway
2024-09-08T23:57:04Z	502 Bad Gateway
2024-09-08T23:58:14Z	503 Service Unavailable: Back-end server is at capacity
2024-09-08T23:58:56Z	503 Service Unavailable: Back-end server is at capacity
2024-09-09T00:10:57Z	429 Too Many Requests
2024-09-09T00:11:00Z	429 Too Many Requests
2024-09-09T00:11:13Z	429 Too Many Requests
2024-09-09T00:11:17Z	429 Too Many Requests
2024-09-09T00:11:20Z	429 Too Many Requests
2024-09-09T00:11:25Z	429 Too Many Requests
2024-09-09T00:11:40Z	429 Too Many Requests
2024-09-09T00:12:07Z	429 Too Many Requests
2024-09-09T00:12:21Z	429 Too Many Requests
2024-09-09T00:12:25Z	429 Too Many Requests
2024-09-09T00:27:26Z	429 Too Many Requests
2024-09-09T00:27:34Z	429 Too Many Requests
2024-09-09T00:27:44Z	429 Too Many Requests
2024-09-09T00:27:48Z	429 Too Many Requests
2024-09-09T00:27:52Z	429 Too Many Requests
2024-09-09T00:27:55Z	429 Too Many Requests
2024-09-09T00:28:08Z	429 Too Many Requests
2024-09-09T00:28:11Z	429 Too Many Requests
2024-09-09T00:28:16Z	429 Too Many Requests
2024-09-09T00:28:20Z	429 Too Many Requests
2024-09-09T00:28:29Z	429 Too Many Requests
2024-09-09T00:28:35Z	429 Too Many Requests
2024-09-09T00:29:45Z	429 Too Many Requests
2024-09-09T00:30:16Z	429 Too Many Requests
2024-09-09T00:30:36Z	429 Too Many Requests
2024-09-09T00:30:48Z	429 Too Many Requests
2024-09-09T00:55:11Z	429 Too Many Requests
2024-09-09T00:55:38Z	429 Too Many Requests
2024-09-09T00:55:42Z	429 Too Many Requests
2024-09-09T01:14:10Z	429 Too Many Requests
2024-09-09T01:14:13Z	429 Too Many Requests
2024-09-09T01:14:16Z	429 Too Many Requests
2024-09-09T01:14:21Z	429 Too Many Requests
2024-09-09T01:14:31Z	429 Too Many Requests
2024-09-09T01:14:35Z	429 Too Many Requests
2024-09-09T01:14:38Z	429 Too Many Requests
2024-09-09T01:14:42Z	429 Too Many Requests
2024-09-09T01:14:54Z	429 Too Many Requests
2024-09-09T01:14:59Z	429 Too Many Requests
2024-09-09T01:15:03Z	429 Too Many Requests
2024-09-09T01:15:06Z	429 Too Many Requests
2024-09-09T01:15:17Z	429 Too Many Requests
2024-09-09T01:15:20Z	429 Too Many Requests
2024-09-09T01:15:27Z	429 Too Many Requests
2024-09-09T01:15:31Z	429 Too Many Requests
2024-09-09T01:26:49Z	429 Too Many Requests
2024-09-09T01:26:53Z	429 Too Many Requests
2024-09-09T01:26:56Z	429 Too Many Requests
2024-09-09T01:26:59Z	429 Too Many Requests
2024-09-09T01:27:03Z	429 Too Many Requests
2024-09-09T01:27:14Z	429 Too Many Requests
2024-09-09T01:27:16Z	429 Too Many Requests
2024-09-09T01:27:22Z	429 Too Many Requests
2024-09-09T01:27:29Z	429 Too Many Requests
2024-09-09T01:27:37Z	429 Too Many Requests
2024-09-09T01:27:41Z	429 Too Many Requests
2024-09-09T01:27:44Z	429 Too Many Requests
2024-09-09T01:27:48Z	429 Too Many Requests
2024-09-09T01:27:50Z	429 Too Many Requests
2024-09-09T01:27:59Z	429 Too Many Requests
2024-09-09T01:28:01Z	429 Too Many Requests
2024-09-09T01:28:05Z	429 Too Many Requests
2024-09-09T01:28:08Z	429 Too Many Requests
2024-09-09T01:28:23Z	429 Too Many Requests
2024-09-09T01:28:26Z	429 Too Many Requests
2024-09-09T01:28:29Z	429 Too Many Requests
2024-09-09T01:28:33Z	429 Too Many Requests
2024-09-09T01:28:35Z	429 Too Many Requests
2024-09-09T01:28:51Z	429 Too Many Requests
2024-09-09T01:28:54Z	429 Too Many Requests
2024-09-09T01:28:58Z	429 Too Many Requests
2024-09-09T01:29:07Z	429 Too Many Requests
2024-09-09T01:29:09Z	429 Too Many Requests
2024-09-09T01:29:12Z	429 Too Many Requests
2024-09-09T01:29:16Z	429 Too Many Requests
2024-09-09T01:29:40Z	429 Too Many Requests
2024-09-09T01:29:53Z	429 Too Many Requests
2024-09-09T01:31:33Z	429 Too Many Requests
2024-09-09T01:32:50Z	429 Too Many Requests
2024-09-09T01:32:56Z	429 Too Many Requests
2024-09-09T01:33:00Z	429 Too Many Requests
2024-09-09T01:33:03Z	429 Too Many Requests
2024-09-09T01:33:07Z	429 Too Many Requests
2024-09-09T01:33:15Z	429 Too Many Requests
2024-09-09T01:54:59Z	429 Too Many Requests
2024-09-09T01:55:04Z	429 Too Many Requests
2024-09-09T01:55:27Z	429 Too Many Requests
2024-09-09T01:56:31Z	429 Too Many Requests
2024-09-09T01:56:35Z	429 Too Many Requests
2024-09-09T01:56:40Z	429 Too Many Requests
2024-09-09T01:56:54Z	429 Too Many Requests
2024-09-09T01:56:59Z	429 Too Many Requests
2024-09-09T01:57:04Z	429 Too Many Requests
2024-09-09T01:57:20Z	429 Too Many Requests
2024-09-09T01:57:25Z	429 Too Many Requests
2024-09-09T01:57:31Z	429 Too Many Requests
2024-09-09T01:57:45Z	429 Too Many Requests
2024-09-09T01:57:50Z	429 Too Many Requests
2024-09-09T01:57:56Z	429 Too Many Requests
2024-09-09T01:58:13Z	429 Too Many Requests
2024-09-09T01:58:21Z	429 Too Many Requests
2024-09-09T01:58:38Z	429 Too Many Requests
2024-09-09T01:58:55Z	429 Too Many Requests
2024-09-09T01:58:59Z	429 Too Many Requests
2024-09-09T01:59:04Z	429 Too Many Requests
2024-09-09T01:59:20Z	429 Too Many Requests
2024-09-09T01:59:43Z	429 Too Many Requests
2024-09-09T01:59:48Z	429 Too Many Requests
2024-09-09T01:59:53Z	429 Too Many Requests
2024-09-09T02:00:19Z	429 Too Many Requests
2024-09-09T02:00:24Z	429 Too Many Requests
2024-09-09T02:01:09Z	429 Too Many Requests
2024-09-09T02:01:51Z	502 Bad Gateway
2024-09-09T02:04:04Z	502 Bad Gateway
2024-09-09T02:04:36Z	502 Bad Gateway
2024-09-09T02:05:05Z	503 Service Unavailable: Back-end server is at capacity
2024-09-09T02:05:41Z	503 Service Unavailable: Back-end server is at capacity
2024-09-09T02:07:34Z	429 Too Many Requests
2024-09-09T02:07:40Z	429 Too Many Requests
2024-09-09T02:07:46Z	429 Too Many Requests
2024-09-09T02:08:03Z	429 Too Many Requests
2024-09-09T02:08:09Z	429 Too Many Requests
2024-09-09T02:08:30Z	429 Too Many Requests
2024-09-09T02:08:58Z	429 Too Many Requests
2024-09-09T02:09:25Z	429 Too Many Requests
2024-09-09T02:09:31Z	429 Too Many Requests
2024-09-09T02:09:51Z	429 Too Many Requests
2024-09-09T02:09:59Z	429 Too Many Requests
2024-09-09T02:10:16Z	429 Too Many Requests
2024-09-09T02:10:23Z	429 Too Many Requests
2024-09-09T02:10:42Z	429 Too Many Requests
2024-09-09T02:10:48Z	429 Too Many Requests
2024-09-09T02:11:10Z	429 Too Many Requests
2024-09-09T02:11:14Z	429 Too Many Requests
2024-09-09T02:11:51Z	429 Too Many Requests
2024-09-09T02:11:58Z	429 Too Many Requests
2024-09-09T02:19:25Z	429 Too Many Requests
2024-09-09T02:19:40Z	429 Too Many Requests
2024-09-09T02:19:46Z	429 Too Many Requests
2024-09-09T02:20:11Z	429 Too Many Requests
2024-09-09T02:20:17Z	429 Too Many Requests
2024-09-09T02:20:32Z	429 Too Many Requests
2024-09-09T02:20:37Z	429 Too Many Requests
2024-09-09T02:21:02Z	429 Too Many Requests
2024-09-09T02:21:09Z	429 Too Many Requests
2024-09-09T02:21:28Z	429 Too Many Requests
2024-09-09T02:21:34Z	429 Too Many Requests
2024-09-09T02:21:55Z	429 Too Many Requests
2024-09-09T02:22:00Z	429 Too Many Requests
2024-09-09T02:22:16Z	429 Too Many Requests
2024-09-09T02:22:21Z	429 Too Many Requests
2024-09-09T02:22:27Z	429 Too Many Requests
2024-09-09T02:22:44Z	429 Too Many Requests
2024-09-09T02:23:03Z	429 Too Many Requests
2024-09-09T02:23:09Z	429 Too Many Requests
2024-09-09T02:23:25Z	429 Too Many Requests
2024-09-09T02:23:32Z	429 Too Many Requests
2024-09-09T02:23:49Z	429 Too Many Requests
2024-09-09T02:23:55Z	429 Too Many Requests
2024-09-09T02:37:34Z	429 Too Many Requests
2024-09-09T02:37:39Z	429 Too Many Requests
2024-09-09T02:37:55Z	429 Too Many Requests
2024-09-09T02:38:04Z	429 Too Many Requests
2024-09-09T02:38:19Z	429 Too Many Requests
2024-09-09T02:38:24Z	429 Too Many Requests
2024-09-09T02:38:30Z	429 Too Many Requests
2024-09-09T02:38:50Z	429 Too Many Requests
2024-09-09T02:38:55Z	429 Too Many Requests
2024-09-09T02:40:20Z	429 Too Many Requests
2024-09-09T02:45:58Z	502 Bad Gateway
2024-09-09T03:22:47Z	502 Bad Gateway
2024-09-09T03:23:20Z	502 Bad Gateway
2024-09-09T03:24:04Z	502 Bad Gateway
2024-09-09T03:24:36Z	502 Bad Gateway
2024-09-09T03:25:16Z	502 Bad Gateway
2024-09-09T03:26:52Z	503 Service Unavailable: Back-end server is at capacity
2024-09-09T03:27:28Z	503 Service Unavailable: Back-end server is at capacity
2024-09-09T03:29:13Z	502 Bad Gateway
2024-09-09T03:29:55Z	502 Bad Gateway
2024-09-09T03:30:37Z	504 GATEWAY_TIMEOUT
2024-09-09T03:31:40Z	504 GATEWAY_TIMEOUT
2024-09-09T03:32:40Z	503 Service Unavailable: Back-end server is at capacity
2024-09-09T03:33:18Z	503 Service Unavailable: Back-end server is at capacity
2024-09-09T03:35:15Z	502 Bad Gateway
2024-09-09T03:35:53Z	502 Bad Gateway
2024-09-09T03:36:21Z	502 Bad Gateway
2024-09-09T03:38:58Z	503 Service Unavailable: Back-end server is at capacity
2024-09-09T03:39:38Z	503 Service Unavailable: Back-end server is at capacity
2024-09-09T03:40:17Z	503 Service Unavailable: Back-end server is at capacity
2024-09-09T03:41:00Z	503 Service Unavailable: Back-end server is at capacity
2024-09-09T03:48:39Z	429 Too Many Requests
2024-09-09T03:48:44Z	429 Too Many Requests
2024-09-09T03:48:49Z	429 Too Many Requests
2024-09-09T03:49:08Z	429 Too Many Requests
2024-09-09T04:04:53Z	502 Bad Gateway
2024-09-09T04:05:37Z	502 Bad Gateway
2024-09-09T04:17:42Z	502 Bad Gateway
2024-09-09T04:18:13Z	502 Bad Gateway
2024-09-09T04:18:54Z	502 Bad Gateway
2024-09-09T04:19:25Z	504 GATEWAY_TIMEOUT
2024-09-09T04:21:20Z	503 Service Unavailable: Back-end server is at capacity
2024-09-09T04:21:59Z	503 Service Unavailable: Back-end server is at capacity
2024-09-09T04:22:30Z	503 Service Unavailable: Back-end server is at capacity
2024-09-09T05:02:31Z	502 Bad Gateway
2024-09-09T05:02:53Z	502 Bad Gateway
2024-09-09T05:03:17Z	502 Bad Gateway
2024-09-09T05:03:35Z	502 Bad Gateway
2024-09-09T05:03:49Z	502 Bad Gateway
2024-09-09T05:04:17Z	502 Bad Gateway
2024-09-09T05:04:56Z	502 Bad Gateway
2024-09-09T05:05:27Z	502 Bad Gateway
2024-09-09T05:05:56Z	503 Service Unavailable: Back-end server is at capacity
2024-09-09T05:06:30Z	503 Service Unavailable: Back-end server is at capacity
2024-09-09T05:07:07Z	503 Service Unavailable: Back-end server is at capacity
2024-09-09T05:08:13Z	504 GATEWAY_TIMEOUT
2024-09-09T05:09:13Z	502 Bad Gateway
2024-09-09T05:09:51Z	502 Bad Gateway
2024-09-09T05:10:36Z	504 GATEWAY_TIMEOUT
2024-09-09T05:11:37Z	502 Bad Gateway
2024-09-09T05:12:18Z	503 Service Unavailable: Back-end server is at capacity
2024-09-09T05:12:46Z	503 Service Unavailable: Back-end server is at capacity
2024-09-09T05:13:20Z	503 Service Unavailable: Back-end server is at capacity
2024-09-09T05:14:02Z	503 Service Unavailable: Back-end server is at capacity
2024-09-09T05:14:40Z	504 GATEWAY_TIMEOUT
2024-09-09T05:17:23Z	502 Bad Gateway
2024-09-09T05:18:05Z	503 Service Unavailable: Back-end server is at capacity
2024-09-09T05:18:44Z	503 Service Unavailable: Back-end server is at capacity
2024-09-09T05:19:24Z	503 Service Unavailable: Back-end server is at capacity
2024-09-09T05:20:20Z	502 Bad Gateway
2024-09-09T05:21:05Z	502 Bad Gateway
2024-09-09T05:21:41Z	504 GATEWAY_TIMEOUT
2024-09-09T05:24:04Z	503 Service Unavailable: Back-end server is at capacity
2024-09-09T05:24:43Z	503 Service Unavailable: Back-end server is at capacity
2024-09-09T05:29:24Z	502 Bad Gateway
2024-09-09T05:29:37Z	503 Service Unavailable: Back-end server is at capacity
2024-09-09T05:30:00Z	503 Service Unavailable: Back-end server is at capacity
2024-09-09T05:31:07Z	503 Service Unavailable: Back-end server is at capacity
2024-09-09T05:31:29Z	503 Service Unavailable: Back-end server is at capacity
2024-09-09T05:32:13Z	502 Bad Gateway
2024-09-09T05:32:49Z	504 GATEWAY_TIMEOUT
2024-09-09T05:33:48Z	502 Bad Gateway
2024-09-09T05:34:24Z	502 Bad Gateway
2024-09-09T05:34:56Z	504 GATEWAY_TIMEOUT
2024-09-09T05:35:58Z	503 Service Unavailable: Back-end server is at capacity
2024-09-09T05:36:33Z	503 Service Unavailable: Back-end server is at capacity
2024-09-09T05:37:13Z	503 Service Unavailable: Back-end server is at capacity
2024-09-09T05:37:51Z	503 Service Unavailable: Back-end server is at capacity
2024-09-09T05:48:03Z	502 Bad Gateway
2024-09-09T05:48:44Z	502 Bad Gateway
2024-09-09T05:49:13Z	502 Bad Gateway
2024-09-09T05:49:52Z	502 Bad Gateway
2024-09-09T05:50:20Z	503 Service Unavailable: Back-end server is at capacity
2024-09-09T05:53:48Z	502 Bad Gateway
2024-09-09T05:57:23Z	503 Service Unavailable: Back-end server is at capacity
2024-09-09T05:59:30Z	502 Bad Gateway
2024-09-09T06:00:09Z	502 Bad Gateway
2024-09-09T06:00:35Z	502 Bad Gateway
2024-09-09T06:01:59Z	503 Service Unavailable: Back-end server is at capacity
2024-09-09T06:02:44Z	503 Service Unavailable: Back-end server is at capacity
2024-09-09T06:03:06Z	503 Service Unavailable: Back-end server is at capacity
2024-09-09T06:03:35Z	503 Service Unavailable: Back-end server is at capacity
2024-09-09T06:04:13Z	503 Service Unavailable: Back-end server is at capacity
2024-09-09T06:06:44Z	502 Bad Gateway
2024-09-09T06:07:28Z	502 Bad Gateway
2024-09-09T06:12:19Z	504 GATEWAY_TIMEOUT
2024-09-09T06:14:03Z	502 Bad Gateway
2024-09-09T06:14:37Z	503 Service Unavailable: Back-end server is at capacity
2024-09-09T06:16:01Z	503 Service Unavailable: Back-end server is at capacity
2024-09-09T06:16:58Z	503 Service Unavailable: Back-end server is at capacity
2024-09-09T06:19:07Z	502 Bad Gateway
2024-09-09T06:19:39Z	502 Bad Gateway
2024-09-09T06:21:01Z	502 Bad Gateway
2024-09-09T06:21:38Z	503 Service Unavailable: Back-end server is at capacity
2024-09-09T06:22:22Z	503 Service Unavailable: Back-end server is at capacity
2024-09-09T06:22:51Z	503 Service Unavailable: Back-end server is at capacity
2024-09-09T06:24:28Z	502 Bad Gateway
2024-09-09T06:25:19Z	502 Bad Gateway
2024-09-09T06:26:03Z	502 Bad Gateway
2024-09-09T06:26:46Z	502 Bad Gateway
2024-09-09T06:27:29Z	502 Bad Gateway
2024-09-09T06:28:13Z	503 Service Unavailable: Back-end server is at capacity
2024-09-09T06:28:57Z	503 Service Unavailable: Back-end server is at capacity
2024-09-09T06:29:41Z	503 Service Unavailable: Back-end server is at capacity
2024-09-09T06:31:07Z	502 Bad Gateway
2024-09-09T06:31:50Z	502 Bad Gateway
2024-09-09T06:32:32Z	504 GATEWAY_TIMEOUT
2024-09-09T06:33:34Z	502 Bad Gateway
2024-09-09T06:34:07Z	503 Service Unavailable: Back-end server is at capacity
2024-09-09T06:35:36Z	503 Service Unavailable: Back-end server is at capacity
2024-09-09T06:38:44Z	502 Bad Gateway
2024-09-09T06:39:19Z	502 Bad Gateway
2024-09-09T06:39:56Z	502 Bad Gateway
2024-09-09T06:41:54Z	503 Service Unavailable: Back-end server is at capacity
2024-09-09T06:46:26Z	502 Bad Gateway
2024-09-09T06:46:57Z	502 Bad Gateway
2024-09-09T06:47:30Z	502 Bad Gateway
2024-09-09T06:48:13Z	502 Bad Gateway
2024-09-09T06:48:49Z	503 Service Unavailable: Back-end server is at capacity
2024-09-09T06:49:28Z	503 Service Unavailable: Back-end server is at capacity
2024-09-09T06:49:56Z	503 Service Unavailable: Back-end server is at capacity
2024-09-09T06:50:17Z	503 Service Unavailable: Back-end server is at capacity
2024-09-09T06:51:24Z	502 Bad Gateway
2024-09-09T06:53:06Z	502 Bad Gateway
2024-09-09T06:53:51Z	502 Bad Gateway
2024-09-09T06:54:34Z	504 GATEWAY_TIMEOUT
2024-09-09T06:55:35Z	503 Service Unavailable: Back-end server is at capacity
2024-09-09T06:56:06Z	503 Service Unavailable: Back-end server is at capacity
2024-09-09T06:56:28Z	503 Service Unavailable: Back-end server is at capacity
2024-09-09T06:57:09Z	503 Service Unavailable: Back-end server is at capacity
2024-09-09T07:05:15Z	502 Bad Gateway
2024-09-09T07:05:59Z	502 Bad Gateway
2024-09-09T07:06:43Z	502 Bad Gateway
2024-09-09T07:07:10Z	503 Service Unavailable: Back-end server is at capacity
2024-09-09T07:07:51Z	503 Service Unavailable: Back-end server is at capacity
2024-09-09T07:08:32Z	503 Service Unavailable: Back-end server is at capacity
2024-09-09T07:13:53Z	502 Bad Gateway
2024-09-09T07:14:38Z	502 Bad Gateway
2024-09-09T07:14:56Z	502 Bad Gateway
2024-09-09T07:15:31Z	503 Service Unavailable: Back-end server is at capacity
2024-09-09T07:15:54Z	503 Service Unavailable: Back-end server is at capacity
2024-09-09T07:18:25Z	502 Bad Gateway
2024-09-09T07:18:54Z	502 Bad Gateway
2024-09-09T07:19:25Z	502 Bad Gateway
2024-09-09T07:20:43Z	502 Bad Gateway
2024-09-09T07:21:22Z	502 Bad Gateway
2024-09-09T07:21:46Z	503 Service Unavailable: Back-end server is at capacity
2024-09-09T07:22:14Z	503 Service Unavailable: Back-end server is at capacity
2024-09-09T07:22:55Z	503 Service Unavailable: Back-end server is at capacity
2024-09-09T07:24:58Z	502 Bad Gateway
2024-09-09T07:25:36Z	502 Bad Gateway
2024-09-09T07:26:19Z	502 Bad Gateway
2024-09-09T07:27:04Z	502 Bad Gateway
2024-09-09T07:27:46Z	502 Bad Gateway
2024-09-09T07:28:28Z	502 Bad Gateway
2024-09-09T07:29:09Z	503 Service Unavailable: Back-end server is at capacity
2024-09-09T07:29:34Z	503 Service Unavailable: Back-end server is at capacity
2024-09-09T07:30:17Z	503 Service Unavailable: Back-end server is at capacity
2024-09-09T08:03:07Z	502 Bad Gateway
2024-09-09T08:03:41Z	502 Bad Gateway
2024-09-09T08:05:23Z	502 Bad Gateway
2024-09-09T08:06:01Z	503 Service Unavailable: Back-end server is at capacity
2024-09-09T08:06:44Z	503 Service Unavailable: Back-end server is at capacity
2024-09-09T08:07:22Z	503 Service Unavailable: Back-end server is at capacity
2024-09-09T08:08:32Z	502 Bad Gateway
2024-09-09T08:09:16Z	502 Bad Gateway
2024-09-09T08:09:58Z	502 Bad Gateway
2024-09-09T08:10:35Z	502 Bad Gateway
2024-09-09T08:11:19Z	502 Bad Gateway
2024-09-09T08:12:48Z	503 Service Unavailable: Back-end server is at capacity
2024-09-09T08:13:30Z	503 Service Unavailable: Back-end server is at capacity
2024-09-09T08:17:06Z	502 Bad Gateway
2024-09-09T08:17:49Z	502 Bad Gateway
2024-09-09T08:18:11Z	502 Bad Gateway
2024-09-09T08:18:49Z	502 Bad Gateway
2024-09-09T08:20:54Z	503 Service Unavailable: Back-end server is at capacity
2024-09-09T08:21:38Z	503 Service Unavailable: Back-end server is at capacity
2024-09-09T08:22:09Z	503 Service Unavailable: Back-end server is at capacity
2024-09-09T08:22:28Z	503 Service Unavailable: Back-end server is at capacity
2024-09-09T08:23:34Z	502 Bad Gateway
2024-09-09T08:24:11Z	502 Bad Gateway
2024-09-09T08:24:49Z	502 Bad Gateway
2024-09-09T08:26:02Z	502 Bad Gateway
2024-09-09T08:26:38Z	502 Bad Gateway
2024-09-09T08:27:11Z	503 Service Unavailable: Back-end server is at capacity
2024-09-09T08:27:47Z	503 Service Unavailable: Back-end server is at capacity
2024-09-09T09:03:38Z	502 Bad Gateway
2024-09-09T09:04:22Z	502 Bad Gateway
2024-09-09T09:04:57Z	502 Bad Gateway
2024-09-09T09:05:37Z	502 Bad Gateway
2024-09-09T09:06:12Z	503 Service Unavailable: Back-end server is at capacity
2024-09-09T09:06:41Z	503 Service Unavailable: Back-end server is at capacity
2024-09-09T09:07:01Z	503 Service Unavailable: Back-end server is at capacity
2024-09-09T09:07:41Z	503 Service Unavailable: Back-end server is at capacity
2024-09-09T09:10:20Z	504 GATEWAY_TIMEOUT
2024-09-09T09:12:40Z	502 Bad Gateway
2024-09-09T09:13:21Z	502 Bad Gateway
2024-09-09T09:13:57Z	503 Service Unavailable: Back-end server is at capacity
2024-09-09T10:02:54Z	502 Bad Gateway
2024-09-09T10:03:26Z	502 Bad Gateway
2024-09-09T10:04:05Z	502 Bad Gateway
2024-09-09T10:04:47Z	502 Bad Gateway
2024-09-09T10:06:44Z	503 Service Unavailable: Back-end server is at capacity
2024-09-09T10:07:27Z	503 Service Unavailable: Back-end server is at capacity
2024-09-09T10:07:54Z	503 Service Unavailable: Back-end server is at capacity
2024-09-09T10:13:26Z	502 Bad Gateway
2024-09-09T10:15:30Z	503 Service Unavailable: Back-end server is at capacity
2024-09-09T10:16:11Z	503 Service Unavailable: Back-end server is at capacity
2024-09-09T10:21:56Z	503 Service Unavailable: Back-end server is at capacity
2024-09-09T10:22:29Z	503 Service Unavailable: Back-end server is at capacity
2024-09-09T10:26:09Z	502 Bad Gateway
2024-09-09T10:26:43Z	502 Bad Gateway
2024-09-09T10:29:51Z	503 Service Unavailable: Back-end server is at capacity
2024-09-09T11:19:12Z	503 Service Unavailable: Back-end server is at capacity
2024-09-09T11:19:48Z	503 Service Unavailable: Back-end server is at capacity
2024-09-09T11:32:15Z	502 Bad Gateway
2024-09-09T11:32:43Z	502 Bad Gateway
2024-09-09T11:53:41Z	502 Bad Gateway
2024-09-09T11:54:59Z	503 Service Unavailable: Back-end server is at capacity
2024-09-09T11:55:38Z	503 Service Unavailable: Back-end server is at capacity
2024-09-09T12:16:58Z	503 Service Unavailable: Back-end server is at capacity
2024-09-09T12:17:21Z	503 Service Unavailable: Back-end server is at capacity
2024-09-09T12:32:53Z	502 Bad Gateway
2024-09-09T12:34:12Z	502 Bad Gateway
2024-09-09T12:35:26Z	503 Service Unavailable: Back-end server is at capacity
2024-09-09T12:35:55Z	503 Service Unavailable: Back-end server is at capacity
2024-09-09T12:45:56Z	502 Bad Gateway
2024-09-09T12:46:37Z	503 Service Unavailable: Back-end server is at capacity
2024-09-09T12:47:15Z	503 Service Unavailable: Back-end server is at capacity
2024-09-09T16:12:16Z	502 Bad Gateway
2024-09-09T16:12:26Z	502 Bad Gateway
2024-09-09T16:12:37Z	502 Bad Gateway
2024-09-09T16:12:49Z	502 Bad Gateway
2024-09-09T17:46:54Z	502 Bad Gateway
2024-09-09T17:47:43Z	502 Bad Gateway
2024-09-09T17:49:09Z	502 Bad Gateway
2024-09-09T17:49:50Z	502 Bad Gateway
2024-09-09T17:50:18Z	502 Bad Gateway
2024-09-09T17:50:41Z	503 Service Unavailable: Back-end server is at capacity
2024-09-09T17:51:26Z	503 Service Unavailable: Back-end server is at capacity
2024-09-09T17:52:08Z	503 Service Unavailable: Back-end server is at capacity
2024-09-09T18:25:20Z	502 Bad Gateway
2024-09-09T18:25:53Z	502 Bad Gateway
2024-09-09T19:28:21Z	502 Bad Gateway
2024-09-09T19:29:09Z	502 Bad Gateway
2024-09-09T19:32:17Z	503 Service Unavailable: Back-end server is at capacity
2024-09-09T20:29:12Z	502 Bad Gateway
2024-09-09T20:29:57Z	502 Bad Gateway
2024-09-09T20:30:20Z	502 Bad Gateway
2024-09-09T20:32:47Z	503 Service Unavailable: Back-end server is at capacity
2024-09-09T20:33:19Z	503 Service Unavailable: Back-end server is at capacity
2024-09-09T21:29:48Z	502 Bad Gateway
2024-09-09T21:30:20Z	502 Bad Gateway
2024-09-09T21:31:40Z	502 Bad Gateway
2024-09-09T21:33:14Z	503 Service Unavailable: Back-end server is at capacity
2024-09-09T21:33:53Z	503 Service Unavailable: Back-end server is at capacity
2024-09-09T23:42:18Z	502 Bad Gateway
2024-09-09T23:43:25Z	502 Bad Gateway
2024-09-09T23:43:59Z	503 Service Unavailable: Back-end server is at capacity
2024-09-09T23:44:39Z	503 Service Unavailable: Back-end server is at capacity
2024-09-09T23:52:44Z	504 GATEWAY_TIMEOUT
2024-09-09T23:54:13Z	502 Bad Gateway
2024-09-09T23:54:35Z	502 Bad Gateway
2024-09-09T23:55:20Z	502 Bad Gateway
2024-09-09T23:55:56Z	502 Bad Gateway
2024-09-09T23:56:33Z	503 Service Unavailable: Back-end server is at capacity
2024-09-09T23:56:34Z	503 Service Unavailable: Back-end server is at capacity
2024-09-09T23:56:36Z	503 Service Unavailable: Back-end server is at capacity
2024-09-09T23:56:37Z	503 Service Unavailable: Back-end server is at capacity
2024-09-09T23:56:39Z	503 Service Unavailable: Back-end server is at capacity
2024-09-09T23:56:41Z	503 Service Unavailable: Back-end server is at capacity
2024-09-09T23:56:43Z	503 Service Unavailable: Back-end server is at capacity
2024-09-09T23:56:45Z	503 Service Unavailable: Back-end server is at capacity
2024-09-09T23:56:46Z	503 Service Unavailable: Back-end server is at capacity
2024-09-09T23:56:48Z	503 Service Unavailable: Back-end server is at capacity
2024-09-09T23:56:50Z	503 Service Unavailable: Back-end server is at capacity
2024-09-09T23:56:51Z	503 Service Unavailable: Back-end server is at capacity
2024-09-09T23:56:53Z	503 Service Unavailable: Back-end server is at capacity
2024-09-09T23:56:57Z	503 Service Unavailable: Back-end server is at capacity
2024-09-09T23:56:58Z	503 Service Unavailable: Back-end server is at capacity
2024-09-09T23:56:59Z	503 Service Unavailable: Back-end server is at capacity
2024-09-09T23:57:01Z	503 Service Unavailable: Back-end server is at capacity
2024-09-09T23:57:02Z	503 Service Unavailable: Back-end server is at capacity
2024-09-09T23:57:04Z	503 Service Unavailable: Back-end server is at capacity
2024-09-09T23:57:07Z	503 Service Unavailable: Back-end server is at capacity
2024-09-09T23:57:11Z	503 Service Unavailable: Back-end server is at capacity
2024-09-09T23:57:13Z	503 Service Unavailable: Back-end server is at capacity
2024-09-09T23:57:15Z	503 Service Unavailable: Back-end server is at capacity
2024-09-09T23:57:17Z	503 Service Unavailable: Back-end server is at capacity
2024-09-09T23:59:29Z	429 Too Many Requests
2024-09-09T23:59:36Z	429 Too Many Requests
2024-09-09T23:59:55Z	429 Too Many Requests
2024-09-10T00:00:02Z	429 Too Many Requests
2024-09-10T00:00:21Z	429 Too Many Requests
2024-09-10T00:00:27Z	429 Too Many Requests
2024-09-10T00:29:31Z	502 Bad Gateway
2024-09-10T00:32:37Z	503 Service Unavailable: Back-end server is at capacity
2024-09-10T01:25:43Z	502 Bad Gateway
2024-09-10T01:28:00Z	502 Bad Gateway
2024-09-10T01:29:21Z	503 Service Unavailable: Back-end server is at capacity
2024-09-10T01:29:58Z	503 Service Unavailable: Back-end server is at capacity
2024-09-10T02:30:28Z	502 Bad Gateway
2024-09-10T02:31:43Z	502 Bad Gateway
2024-09-10T02:32:33Z	502 Bad Gateway
2024-09-10T02:33:06Z	502 Bad Gateway
2024-09-10T02:33:41Z	503 Service Unavailable: Back-end server is at capacity
2024-09-10T02:34:20Z	503 Service Unavailable: Back-end server is at capacity
2024-09-10T02:34:44Z	503 Service Unavailable: Back-end server is at capacity
2024-09-10T03:28:54Z	502 Bad Gateway
2024-09-10T03:29:16Z	502 Bad Gateway
2024-09-10T03:31:34Z	503 Service Unavailable: Back-end server is at capacity
2024-09-10T03:32:02Z	503 Service Unavailable: Back-end server is at capacity
2024-09-10T04:30:58Z	502 Bad Gateway
2024-09-10T04:31:42Z	502 Bad Gateway
2024-09-10T04:33:42Z	502 Bad Gateway
2024-09-10T04:35:20Z	503 Service Unavailable: Back-end server is at capacity
2024-09-10T05:26:57Z	502 Bad Gateway
2024-09-10T05:30:27Z	503 Service Unavailable: Back-end server is at capacity
2024-09-10T05:31:06Z	503 Service Unavailable: Back-end server is at capacity
2024-09-10T05:31:25Z	503 Service Unavailable: Back-end server is at capacity
2024-09-10T06:33:07Z	502 Bad Gateway
2024-09-10T06:34:16Z	503 Service Unavailable: Back-end server is at capacity
2024-09-10T06:34:57Z	503 Service Unavailable: Back-end server is at capacity
2024-09-10T07:34:05Z	503 Service Unavailable: Back-end server is at capacity
2024-09-10T08:30:27Z	502 Bad Gateway
2024-09-10T08:31:16Z	502 Bad Gateway
2024-09-10T09:31:37Z	504 GATEWAY_TIMEOUT
2024-09-10T09:32:38Z	502 Bad Gateway
2024-09-10T10:07:42Z	500 Internal Server Error
2024-09-10T10:08:26Z	500 Internal Server Error
2024-09-10T10:08:57Z	500 Internal Server Error
2024-09-10T10:09:48Z	500 Internal Server Error
2024-09-10T10:10:33Z	500 Internal Server Error
2024-09-10T10:10:51Z	500 Internal Server Error
2024-09-10T10:26:40Z	502 Bad Gateway
2024-09-10T10:27:58Z	502 Bad Gateway
2024-09-10T10:29:25Z	504 GATEWAY_TIMEOUT
2024-09-10T10:30:26Z	503 Service Unavailable: Back-end server is at capacity
2024-09-10T10:30:57Z	503 Service Unavailable: Back-end server is at capacity
2024-09-10T11:28:19Z	502 Bad Gateway
2024-09-10T11:28:57Z	502 Bad Gateway
2024-09-10T11:29:42Z	502 Bad Gateway
2024-09-10T11:32:17Z	503 Service Unavailable: Back-end server is at capacity
2024-09-10T12:28:22Z	502 Bad Gateway
2024-09-10T12:29:08Z	502 Bad Gateway
2024-09-10T12:29:47Z	502 Bad Gateway
2024-09-10T12:32:49Z	503 Service Unavailable: Back-end server is at capacity
2024-09-10T13:31:06Z	502 Bad Gateway
2024-09-10T13:31:50Z	503 Service Unavailable: Back-end server is at capacity
2024-09-10T14:30:03Z	502 Bad Gateway
2024-09-10T14:30:54Z	502 Bad Gateway
2024-09-10T14:32:43Z	502 Bad Gateway
2024-09-10T14:33:26Z	502 Bad Gateway
2024-09-10T14:34:08Z	503 Service Unavailable: Back-end server is at capacity
2024-09-10T14:34:44Z	503 Service Unavailable: Back-end server is at capacity
2024-09-10T15:38:49Z	502 Bad Gateway
2024-09-10T15:39:31Z	502 Bad Gateway
2024-09-10T15:41:04Z	502 Bad Gateway
2024-09-10T15:41:36Z	502 Bad Gateway
2024-09-10T15:42:00Z	503 Service Unavailable: Back-end server is at capacity
2024-09-10T15:42:20Z	503 Service Unavailable: Back-end server is at capacity
2024-09-10T15:45:21Z	502 Bad Gateway
2024-09-10T16:42:43Z	502 Bad Gateway
2024-09-10T16:43:07Z	502 Bad Gateway
2024-09-10T16:46:07Z	503 Service Unavailable: Back-end server is at capacity
2024-09-10T17:37:55Z	502 Bad Gateway
2024-09-10T17:38:40Z	502 Bad Gateway
2024-09-10T17:39:24Z	502 Bad Gateway
2024-09-10T18:41:37Z	502 Bad Gateway
2024-09-10T18:42:17Z	502 Bad Gateway
2024-09-10T18:42:58Z	502 Bad Gateway
2024-09-10T18:44:18Z	502 Bad Gateway
2024-09-10T18:45:00Z	502 Bad Gateway
2024-09-10T18:45:42Z	503 Service Unavailable: Back-end server is at capacity
2024-09-10T20:39:11Z	502 Bad Gateway
2024-09-10T21:42:46Z	502 Bad Gateway
2024-09-10T21:43:18Z	502 Bad Gateway
2024-09-10T21:44:41Z	502 Bad Gateway
2024-09-10T21:45:42Z	503 Service Unavailable: Back-end server is at capacity
2024-09-10T22:41:24Z	502 Bad Gateway
2024-09-10T22:41:57Z	502 Bad Gateway
2024-09-10T23:40:22Z	502 Bad Gateway
2024-09-10T23:41:24Z	502 Bad Gateway
2024-09-10T23:43:29Z	503 Service Unavailable: Back-end server is at capacity
2024-09-10T23:43:57Z	503 Service Unavailable: Back-end server is at capacity
2024-09-11T00:42:25Z	502 Bad Gateway
2024-09-11T01:41:09Z	502 Bad Gateway
2024-09-11T01:43:16Z	502 Bad Gateway
2024-09-11T01:43:33Z	502 Bad Gateway
2024-09-11T01:44:53Z	503 Service Unavailable: Back-end server is at capacity
2024-09-11T01:45:25Z	503 Service Unavailable: Back-end server is at capacity
2024-09-11T02:44:16Z	502 Bad Gateway
2024-09-11T02:44:54Z	504 GATEWAY_TIMEOUT
2024-09-11T02:47:59Z	502 Bad Gateway
2024-09-11T02:48:29Z	503 Service Unavailable: Back-end server is at capacity
2024-09-11T02:48:55Z	503 Service Unavailable: Back-end server is at capacity
2024-09-11T03:42:20Z	503 Service Unavailable: Back-end server is at capacity
2024-09-11T03:43:15Z	503 Service Unavailable: Back-end server is at capacity
2024-09-11T03:43:42Z	503 Service Unavailable: Back-end server is at capacity
2024-09-11T04:40:04Z	502 Bad Gateway
2024-09-11T04:42:06Z	502 Bad Gateway
2024-09-11T04:42:39Z	502 Bad Gateway
2024-09-11T04:44:10Z	503 Service Unavailable: Back-end server is at capacity
2024-09-11T04:44:43Z	503 Service Unavailable: Back-end server is at capacity
2024-09-11T05:41:22Z	502 Bad Gateway
2024-09-11T05:41:50Z	502 Bad Gateway
2024-09-11T05:42:30Z	502 Bad Gateway
2024-09-11T05:43:59Z	503 Service Unavailable: Back-end server is at capacity
2024-09-11T05:44:36Z	503 Service Unavailable: Back-end server is at capacity
2024-09-11T05:45:10Z	503 Service Unavailable: Back-end server is at capacity
2024-09-11T07:06:34Z	502 Bad Gateway
2024-09-11T07:08:40Z	502 Bad Gateway
2024-09-11T07:10:17Z	503 Service Unavailable: Back-end server is at capacity
2024-09-11T07:10:47Z	503 Service Unavailable: Back-end server is at capacity
2024-09-11T07:48:40Z	502 Bad Gateway
2024-09-11T07:49:09Z	502 Bad Gateway
2024-09-11T08:46:16Z	502 Bad Gateway
2024-09-11T08:46:54Z	502 Bad Gateway
2024-09-11T08:49:42Z	503 Service Unavailable: Back-end server is at capacity
2024-09-11T08:50:19Z	503 Service Unavailable: Back-end server is at capacity
2024-09-11T09:49:23Z	502 Bad Gateway
2024-09-11T09:51:17Z	504 GATEWAY_TIMEOUT
2024-09-11T09:52:17Z	502 Bad Gateway
2024-09-11T09:52:52Z	502 Bad Gateway
2024-09-11T10:48:08Z	502 Bad Gateway
2024-09-11T10:48:41Z	502 Bad Gateway
2024-09-11T10:49:03Z	502 Bad Gateway
2024-09-11T10:50:14Z	502 Bad Gateway
2024-09-11T10:51:08Z	502 Bad Gateway
2024-09-11T10:51:44Z	503 Service Unavailable: Back-end server is at capacity
2024-09-11T10:52:27Z	503 Service Unavailable: Back-end server is at capacity
2024-09-11T11:47:09Z	502 Bad Gateway
2024-09-11T11:47:54Z	503 Service Unavailable: Back-end server is at capacity
2024-09-11T11:48:23Z	503 Service Unavailable: Back-end server is at capacity
2024-09-11T12:48:42Z	502 Bad Gateway
2024-09-11T12:49:11Z	502 Bad Gateway
2024-09-11T12:53:31Z	503 Service Unavailable: Back-end server is at capacity
2024-09-11T13:42:04Z	502 Bad Gateway
2024-09-11T13:42:32Z	502 Bad Gateway
2024-09-11T13:43:12Z	502 Bad Gateway
2024-09-11T13:46:04Z	503 Service Unavailable: Back-end server is at capacity
2024-09-11T13:46:43Z	503 Service Unavailable: Back-end server is at capacity
2024-09-11T14:45:29Z	502 Bad Gateway
2024-09-11T14:48:15Z	502 Bad Gateway
2024-09-11T14:48:41Z	503 Service Unavailable: Back-end server is at capacity
2024-09-11T14:49:15Z	503 Service Unavailable: Back-end server is at capacity
2024-09-11T15:48:41Z	502 Bad Gateway
2024-09-11T15:49:16Z	502 Bad Gateway
2024-09-11T15:49:56Z	502 Bad Gateway
2024-09-11T16:55:42Z	502 Bad Gateway
2024-09-11T16:57:59Z	502 Bad Gateway
2024-09-11T16:58:37Z	502 Bad Gateway
2024-09-11T16:59:16Z	503 Service Unavailable: Back-end server is at capacity
2024-09-11T16:59:35Z	503 Service Unavailable: Back-end server is at capacity
2024-09-11T17:00:07Z	503 Service Unavailable: Back-end server is at capacity
2024-09-11T18:08:21Z	502 Bad Gateway
2024-09-11T18:09:18Z	502 Bad Gateway
2024-09-11T18:10:12Z	502 Bad Gateway
2024-09-11T18:11:11Z	503 Service Unavailable: Back-end server is at capacity
2024-09-11T18:11:45Z	503 Service Unavailable: Back-end server is at capacity
2024-09-11T19:10:51Z	502 Bad Gateway
2024-09-11T19:12:17Z	502 Bad Gateway
2024-09-11T19:12:37Z	502 Bad Gateway
2024-09-11T19:13:22Z	502 Bad Gateway
2024-09-11T19:14:05Z	503 Service Unavailable: Back-end server is at capacity
2024-09-11T19:14:47Z	503 Service Unavailable: Back-end server is at capacity
2024-09-11T20:01:34Z	502 Bad Gateway
2024-09-11T20:02:27Z	502 Bad Gateway
2024-09-11T20:03:08Z	502 Bad Gateway
2024-09-11T20:03:32Z	502 Bad Gateway
2024-09-11T20:04:11Z	503 Service Unavailable: Back-end server is at capacity
2024-09-11T21:09:17Z	502 Bad Gateway
2024-09-11T21:09:46Z	502 Bad Gateway
2024-09-11T21:10:19Z	502 Bad Gateway
2024-09-11T21:10:48Z	502 Bad Gateway
2024-09-11T21:13:12Z	503 Service Unavailable: Back-end server is at capacity
2024-09-11T21:13:40Z	503 Service Unavailable: Back-end server is at capacity
2024-09-11T21:55:16Z	502 Bad Gateway
2024-09-11T21:55:40Z	502 Bad Gateway
2024-09-11T21:56:07Z	502 Bad Gateway
2024-09-11T21:58:32Z	503 Service Unavailable: Back-end server is at capacity
2024-09-11T21:59:05Z	503 Service Unavailable: Back-end server is at capacity
2024-09-11T21:59:28Z	503 Service Unavailable: Back-end server is at capacity
2024-09-11T22:00:13Z	503 Service Unavailable: Back-end server is at capacity
2024-09-11T22:56:29Z	502 Bad Gateway
2024-09-11T22:57:03Z	502 Bad Gateway
2024-09-11T22:57:45Z	502 Bad Gateway
2024-09-11T23:00:21Z	503 Service Unavailable: Back-end server is at capacity
2024-09-11T23:01:01Z	503 Service Unavailable: Back-end server is at capacity
2024-09-12T00:00:50Z	502 Bad Gateway
2024-09-12T00:01:26Z	502 Bad Gateway
2024-09-12T00:02:48Z	502 Bad Gateway
2024-09-12T00:04:48Z	503 Service Unavailable: Back-end server is at capacity
2024-09-12T00:05:10Z	503 Service Unavailable: Back-end server is at capacity
2024-09-12T00:05:47Z	503 Service Unavailable: Back-end server is at capacity
2024-09-12T00:58:18Z	502 Bad Gateway
2024-09-12T00:59:47Z	502 Bad Gateway
2024-09-12T01:00:24Z	502 Bad Gateway
2024-09-12T01:01:49Z	503 Service Unavailable: Back-end server is at capacity
2024-09-12T01:02:45Z	503 Service Unavailable: Back-end server is at capacity
2024-09-12T01:54:00Z	503 Service Unavailable: Back-end server is at capacity
2024-09-12T01:54:32Z	503 Service Unavailable: Back-end server is at capacity
2024-09-12T01:55:03Z	503 Service Unavailable: Back-end server is at capacity
2024-09-12T03:02:57Z	502 Bad Gateway
2024-09-12T03:03:21Z	502 Bad Gateway
2024-09-12T03:03:47Z	502 Bad Gateway
2024-09-12T03:05:33Z	504 GATEWAY_TIMEOUT
2024-09-12T03:06:33Z	503 Service Unavailable: Back-end server is at capacity
2024-09-12T03:07:16Z	503 Service Unavailable: Back-end server is at capacity
2024-09-12T03:07:56Z	503 Service Unavailable: Back-end server is at capacity
2024-09-12T04:06:38Z	502 Bad Gateway
2024-09-12T04:08:56Z	502 Bad Gateway
2024-09-12T04:09:34Z	502 Bad Gateway
2024-09-12T04:10:17Z	502 Bad Gateway
2024-09-12T04:11:06Z	502 Bad Gateway
2024-09-12T04:11:38Z	502 Bad Gateway
2024-09-12T04:13:05Z	503 Service Unavailable: Back-end server is at capacity
2024-09-12T04:13:37Z	503 Service Unavailable: Back-end server is at capacity
2024-09-12T04:58:09Z	502 Bad Gateway
2024-09-12T04:58:49Z	502 Bad Gateway
2024-09-12T04:59:45Z	502 Bad Gateway
2024-09-12T05:00:27Z	502 Bad Gateway
2024-09-12T05:00:49Z	502 Bad Gateway
2024-09-12T05:55:02Z	502 Bad Gateway
2024-09-12T05:55:32Z	504 GATEWAY_TIMEOUT
2024-09-12T05:57:16Z	503 Service Unavailable: Back-end server is at capacity
2024-09-12T05:58:41Z	503 Service Unavailable: Back-end server is at capacity
2024-09-12T05:59:24Z	503 Service Unavailable: Back-end server is at capacity
2024-09-12T06:45:56Z	504 GATEWAY_TIMEOUT
2024-09-12T06:47:30Z	502 Bad Gateway
2024-09-12T06:49:46Z	503 Service Unavailable: Back-end server is at capacity
2024-09-12T06:50:16Z	503 Service Unavailable: Back-end server is at capacity
2024-09-12T11:59:50Z	429 Too Many Requests
2024-09-12T12:00:50Z	429 Too Many Requests
2024-09-12T12:01:37Z	429 Too Many Requests
2024-09-12T12:02:23Z	429 Too Many Requests
2024-09-12T12:03:13Z	429 Too Many Requests
2024-09-12T12:03:21Z	429 Too Many Requests
2024-09-12T12:03:55Z	429 Too Many Requests
2024-09-12T12:04:05Z	429 Too Many Requests
2024-09-12T12:41:49Z	429 Too Many Requests
2024-09-12T12:41:54Z	429 Too Many Requests
2024-09-12T12:42:13Z	429 Too Many Requests
2024-09-12T12:49:24Z	429 Too Many Requests
2024-09-12T12:49:30Z	429 Too Many Requests
2024-09-12T12:49:53Z	429 Too Many Requests
2024-09-12T12:49:58Z	429 Too Many Requests
2024-09-12T12:50:17Z	429 Too Many Requests
2024-09-12T12:50:24Z	429 Too Many Requests
2024-09-12T12:50:41Z	429 Too Many Requests
2024-09-12T12:50:47Z	429 Too Many Requests
2024-09-12T12:51:10Z	429 Too Many Requests
2024-09-12T12:52:24Z	429 Too Many Requests
2024-09-12T13:12:33Z	429 Too Many Requests
2024-09-12T13:13:00Z	429 Too Many Requests
2024-09-12T13:13:05Z	429 Too Many Requests
2024-09-12T13:13:21Z	429 Too Many Requests
2024-09-12T13:13:32Z	429 Too Many Requests
2024-09-12T13:13:45Z	429 Too Many Requests
2024-09-12T13:13:49Z	429 Too Many Requests
2024-09-12T13:13:55Z	429 Too Many Requests
2024-09-12T13:14:17Z	429 Too Many Requests
2024-09-12T13:25:41Z	429 Too Many Requests
2024-09-12T13:26:11Z	429 Too Many Requests
2024-09-12T13:26:26Z	429 Too Many Requests
2024-09-12T13:26:31Z	429 Too Many Requests
2024-09-12T13:26:48Z	429 Too Many Requests
2024-09-12T13:26:54Z	429 Too Many Requests
2024-09-12T13:44:19Z	429 Too Many Requests
2024-09-12T14:12:24Z	429 Too Many Requests
2024-09-12T14:12:30Z	429 Too Many Requests
2024-09-12T14:27:24Z	429 Too Many Requests
2024-09-12T14:27:29Z	429 Too Many Requests
2024-09-12T14:27:43Z	429 Too Many Requests
2024-09-12T14:27:49Z	429 Too Many Requests
2024-09-12T14:28:07Z	429 Too Many Requests
2024-09-12T14:28:18Z	429 Too Many Requests
2024-09-12T14:28:33Z	429 Too Many Requests
2024-09-12T14:28:37Z	429 Too Many Requests
2024-09-12T14:28:43Z	429 Too Many Requests
2024-09-12T14:32:14Z	429 Too Many Requests
2024-09-12T14:32:18Z	429 Too Many Requests
2024-09-12T14:37:51Z	429 Too Many Requests
2024-09-12T14:37:57Z	429 Too Many Requests
2024-09-12T14:42:58Z	429 Too Many Requests
2024-09-12T14:43:03Z	429 Too Many Requests
2024-09-12T14:43:07Z	429 Too Many Requests
2024-09-12T14:43:28Z	429 Too Many Requests
2024-09-12T14:43:37Z	429 Too Many Requests
2024-09-12T14:43:55Z	429 Too Many Requests
2024-09-12T14:44:20Z	429 Too Many Requests
2024-09-12T14:44:45Z	429 Too Many Requests
2024-09-12T14:44:52Z	429 Too Many Requests
2024-09-12T14:50:44Z	429 Too Many Requests
2024-09-12T14:51:13Z	429 Too Many Requests
2024-09-12T14:51:35Z	429 Too Many Requests
2024-09-12T14:52:00Z	429 Too Many Requests
2024-09-12T14:52:18Z	429 Too Many Requests
2024-09-12T14:52:24Z	429 Too Many Requests
2024-09-12T14:52:29Z	429 Too Many Requests
2024-09-12T15:18:04Z	429 Too Many Requests
2024-09-12T15:18:08Z	429 Too Many Requests
2024-09-12T15:20:09Z	429 Too Many Requests
2024-09-12T15:20:14Z	429 Too Many Requests
2024-09-12T15:20:20Z	429 Too Many Requests
2024-09-12T15:20:37Z	429 Too Many Requests
2024-09-12T15:20:42Z	429 Too Many Requests
2024-09-12T15:21:05Z	429 Too Many Requests
2024-09-12T15:38:47Z	429 Too Many Requests
2024-09-12T15:39:15Z	429 Too Many Requests
2024-09-12T15:39:22Z	429 Too Many Requests
2024-09-12T15:39:39Z	429 Too Many Requests
2024-09-12T15:39:47Z	429 Too Many Requests
2024-09-12T15:40:05Z	429 Too Many Requests
2024-09-12T15:40:10Z	429 Too Many Requests
2024-09-12T15:40:38Z	429 Too Many Requests
2024-09-12T15:41:04Z	429 Too Many Requests
2024-09-12T15:49:15Z	429 Too Many Requests
2024-09-12T15:49:54Z	429 Too Many Requests
2024-09-12T15:49:59Z	429 Too Many Requests
2024-09-12T15:50:04Z	429 Too Many Requests
2024-09-12T16:46:15Z	429 Too Many Requests
2024-09-12T16:46:20Z	429 Too Many Requests
2024-09-12T16:46:26Z	429 Too Many Requests
2024-09-12T16:46:42Z	429 Too Many Requests
2024-09-12T16:46:47Z	429 Too Many Requests
2024-09-12T16:47:10Z	429 Too Many Requests
2024-09-12T17:08:11Z	429 Too Many Requests
2024-09-12T17:08:17Z	429 Too Many Requests
2024-09-12T17:08:23Z	429 Too Many Requests
2024-09-12T17:08:52Z	429 Too Many Requests
2024-09-12T17:08:58Z	429 Too Many Requests
2024-09-12T17:09:14Z	429 Too Many Requests
2024-09-12T17:09:43Z	429 Too Many Requests
2024-09-12T17:09:48Z	429 Too Many Requests
2024-09-12T17:10:07Z	429 Too Many Requests
2024-09-12T17:10:12Z	429 Too Many Requests
2024-09-12T17:10:31Z	429 Too Many Requests
2024-09-12T17:10:37Z	429 Too Many Requests
2024-09-12T17:10:57Z	429 Too Many Requests
2024-09-12T17:11:04Z	429 Too Many Requests
2024-09-12T17:11:22Z	429 Too Many Requests
2024-09-12T17:11:28Z	429 Too Many Requests
2024-09-12T17:11:47Z	429 Too Many Requests
2024-09-12T17:12:07Z	429 Too Many Requests
2024-09-12T17:12:14Z	429 Too Many Requests
2024-09-12T17:12:36Z	429 Too Many Requests
2024-09-12T17:12:44Z	429 Too Many Requests
2024-09-12T17:13:02Z	429 Too Many Requests
2024-09-12T17:13:07Z	429 Too Many Requests
2024-09-12T17:13:28Z	429 Too Many Requests
2024-09-12T17:30:39Z	429 Too Many Requests
2024-09-12T17:30:45Z	429 Too Many Requests
2024-09-12T17:31:15Z	429 Too Many Requests
2024-09-12T17:40:29Z	429 Too Many Requests
2024-09-12T17:40:47Z	429 Too Many Requests
2024-09-12T17:41:12Z	429 Too Many Requests
2024-09-12T17:41:18Z	429 Too Many Requests
2024-09-12T17:41:36Z	429 Too Many Requests
2024-09-12T17:41:43Z	429 Too Many Requests
2024-09-12T17:57:24Z	429 Too Many Requests
2024-09-12T17:57:35Z	429 Too Many Requests
2024-09-12T17:57:41Z	429 Too Many Requests
2024-09-12T18:05:29Z	429 Too Many Requests
2024-09-12T18:05:33Z	429 Too Many Requests
2024-09-12T18:33:33Z	429 Too Many Requests
2024-09-12T18:33:38Z	429 Too Many Requests
2024-09-12T18:33:43Z	429 Too Many Requests
2024-09-12T18:33:57Z	429 Too Many Requests
2024-09-12T18:34:01Z	429 Too Many Requests
2024-09-12T18:34:06Z	429 Too Many Requests
2024-09-12T18:34:23Z	429 Too Many Requests
2024-09-12T18:34:26Z	429 Too Many Requests
2024-09-12T18:36:38Z	429 Too Many Requests
2024-09-12T18:36:42Z	429 Too Many Requests
2024-09-12T18:37:32Z	429 Too Many Requests
2024-09-12T18:43:33Z	429 Too Many Requests
2024-09-12T18:43:37Z	429 Too Many Requests
2024-09-12T18:43:41Z	429 Too Many Requests
2024-09-12T18:43:45Z	429 Too Many Requests
2024-09-12T18:43:56Z	429 Too Many Requests
2024-09-12T18:43:59Z	429 Too Many Requests
2024-09-12T18:44:02Z	429 Too Many Requests
2024-09-12T19:00:07Z	429 Too Many Requests
2024-09-12T19:00:12Z	429 Too Many Requests
2024-09-12T19:00:15Z	429 Too Many Requests
2024-09-12T19:00:29Z	429 Too Many Requests
2024-09-12T19:00:32Z	429 Too Many Requests
2024-09-12T19:00:38Z	429 Too Many Requests
2024-09-12T19:02:18Z	429 Too Many Requests
2024-09-12T19:02:23Z	429 Too Many Requests
2024-09-12T19:02:30Z	429 Too Many Requests
2024-09-12T19:02:58Z	429 Too Many Requests
2024-09-12T19:03:20Z	429 Too Many Requests
2024-09-12T19:03:24Z	429 Too Many Requests
2024-09-12T19:03:29Z	429 Too Many Requests
2024-09-12T19:03:42Z	429 Too Many Requests
2024-09-12T19:03:46Z	429 Too Many Requests
2024-09-12T19:03:52Z	429 Too Many Requests
2024-09-12T19:04:07Z	429 Too Many Requests
2024-09-12T19:04:18Z	429 Too Many Requests
2024-09-12T19:04:29Z	429 Too Many Requests
2024-09-12T19:04:33Z	429 Too Many Requests
2024-09-12T19:04:38Z	429 Too Many Requests
2024-09-12T19:04:54Z	429 Too Many Requests
2024-09-12T19:04:58Z	429 Too Many Requests
2024-09-12T19:05:37Z	429 Too Many Requests
2024-09-12T19:10:26Z	429 Too Many Requests
2024-09-12T19:10:29Z	429 Too Many Requests
2024-09-12T19:10:32Z	429 Too Many Requests
2024-09-12T19:10:36Z	429 Too Many Requests
2024-09-12T19:10:40Z	429 Too Many Requests
2024-09-12T19:10:55Z	429 Too Many Requests
2024-09-12T19:11:21Z	429 Too Many Requests
2024-09-12T19:11:29Z	429 Too Many Requests
2024-09-12T19:11:49Z	429 Too Many Requests
2024-09-12T19:11:53Z	429 Too Many Requests
2024-09-12T19:11:57Z	429 Too Many Requests
2024-09-12T19:12:01Z	429 Too Many Requests
2024-09-12T19:12:15Z	429 Too Many Requests
2024-09-12T19:12:20Z	429 Too Many Requests
2024-09-12T19:12:25Z	429 Too Many Requests
2024-09-12T19:12:39Z	429 Too Many Requests
2024-09-12T19:12:44Z	429 Too Many Requests
2024-09-12T19:12:49Z	429 Too Many Requests
2024-09-12T19:13:02Z	429 Too Many Requests
2024-09-12T19:13:10Z	429 Too Many Requests
2024-09-12T19:13:13Z	429 Too Many Requests
2024-09-12T19:13:30Z	429 Too Many Requests
2024-09-12T19:13:34Z	429 Too Many Requests
2024-09-12T19:13:39Z	429 Too Many Requests
2024-09-12T19:13:49Z	429 Too Many Requests
2024-09-12T19:13:53Z	429 Too Many Requests
2024-09-12T19:13:58Z	429 Too Many Requests
2024-09-12T19:14:03Z	429 Too Many Requests
2024-09-12T19:14:17Z	429 Too Many Requests
2024-09-12T19:14:22Z	429 Too Many Requests
2024-09-12T19:14:30Z	429 Too Many Requests
2024-09-12T19:14:48Z	429 Too Many Requests
2024-09-12T19:14:57Z	429 Too Many Requests
2024-09-12T19:15:14Z	429 Too Many Requests
2024-09-12T19:15:34Z	429 Too Many Requests
2024-09-12T19:15:46Z	429 Too Many Requests
2024-09-12T19:15:58Z	429 Too Many Requests
2024-09-12T19:16:03Z	429 Too Many Requests
2024-09-12T19:16:19Z	429 Too Many Requests
2024-09-12T19:20:53Z	429 Too Many Requests
2024-09-12T19:20:57Z	429 Too Many Requests
2024-09-12T19:21:02Z	429 Too Many Requests
2024-09-12T19:21:21Z	429 Too Many Requests
2024-09-12T19:21:26Z	429 Too Many Requests
2024-09-12T19:21:31Z	429 Too Many Requests
2024-09-12T19:21:45Z	429 Too Many Requests
2024-09-12T19:21:50Z	429 Too Many Requests
2024-09-12T19:21:56Z	429 Too Many Requests
2024-09-12T19:22:11Z	429 Too Many Requests
2024-09-12T19:22:15Z	429 Too Many Requests
2024-09-12T19:22:33Z	429 Too Many Requests
2024-09-12T19:22:36Z	429 Too Many Requests
2024-09-12T19:22:52Z	429 Too Many Requests
2024-09-12T19:22:56Z	429 Too Many Requests
2024-09-12T19:26:00Z	429 Too Many Requests
2024-09-12T19:26:11Z	429 Too Many Requests
2024-09-12T19:26:24Z	429 Too Many Requests
2024-09-12T19:26:28Z	429 Too Many Requests
2024-09-12T19:26:34Z	429 Too Many Requests
2024-09-12T19:26:48Z	429 Too Many Requests
2024-09-12T19:26:57Z	429 Too Many Requests
2024-09-12T19:27:00Z	429 Too Many Requests
2024-09-12T19:27:11Z	429 Too Many Requests
2024-09-12T19:27:15Z	429 Too Many Requests
2024-09-12T19:27:19Z	429 Too Many Requests
2024-09-12T19:27:23Z	429 Too Many Requests
2024-09-12T19:27:35Z	429 Too Many Requests
2024-09-12T19:28:05Z	429 Too Many Requests
2024-09-12T19:28:51Z	429 Too Many Requests
2024-09-12T19:29:02Z	429 Too Many Requests
2024-09-12T19:29:06Z	429 Too Many Requests
2024-09-12T19:29:10Z	429 Too Many Requests
2024-09-12T19:29:14Z	429 Too Many Requests
2024-09-12T19:29:26Z	429 Too Many Requests
2024-09-12T19:29:31Z	429 Too Many Requests
2024-09-12T19:29:37Z	429 Too Many Requests
2024-09-12T19:40:07Z	429 Too Many Requests
2024-09-12T19:40:37Z	429 Too Many Requests
2024-09-12T20:03:56Z	429 Too Many Requests
2024-09-12T20:15:39Z	429 Too Many Requests
2024-09-12T20:15:44Z	429 Too Many Requests
2024-09-12T20:15:49Z	429 Too Many Requests
2024-09-12T20:16:19Z	429 Too Many Requests
2024-09-12T21:03:53Z	429 Too Many Requests
2024-09-12T21:20:39Z	429 Too Many Requests
2024-09-12T21:21:58Z	429 Too Many Requests
2024-09-12T21:22:03Z	429 Too Many Requests
2024-09-12T21:22:08Z	429 Too Many Requests
2024-09-12T21:22:27Z	429 Too Many Requests
