2024-07-13T16:31:37Z	504 GATEWAY_TIMEOUT
2024-07-13T16:32:04Z	504 GATEWAY_TIMEOUT
2024-07-13T16:32:05Z	502 Bad Gateway
2024-07-13T16:32:06Z	502 Bad Gateway
2024-07-13T16:32:08Z	502 Bad Gateway
2024-07-13T16:32:09Z	502 Bad Gateway
2024-07-13T16:32:10Z	502 Bad Gateway
2024-07-13T16:32:11Z	502 Bad Gateway
2024-07-13T16:32:13Z	504 GATEWAY_TIMEOUT
2024-07-13T16:32:14Z	502 Bad Gateway
2024-07-13T16:32:15Z	502 Bad Gateway
2024-07-13T16:32:16Z	502 Bad Gateway
2024-07-13T16:32:17Z	502 Bad Gateway
2024-07-13T16:32:19Z	502 Bad Gateway
2024-07-13T16:32:20Z	502 Bad Gateway
2024-07-13T16:32:21Z	502 Bad Gateway
2024-07-13T16:32:22Z	502 Bad Gateway
2024-07-13T16:32:23Z	502 Bad Gateway
2024-07-13T16:32:25Z	504 GATEWAY_TIMEOUT
2024-07-13T16:32:26Z	504 GATEWAY_TIMEOUT
2024-07-13T16:32:27Z	502 Bad Gateway
2024-07-13T16:32:31Z	502 Bad Gateway
2024-07-13T16:32:32Z	502 Bad Gateway
2024-07-13T16:32:33Z	504 GATEWAY_TIMEOUT
2024-07-13T16:32:34Z	502 Bad Gateway
2024-07-13T16:32:35Z	502 Bad Gateway
2024-07-13T16:32:36Z	502 Bad Gateway
2024-07-13T16:32:37Z	502 Bad Gateway
2024-07-13T16:32:39Z	502 Bad Gateway
2024-07-13T16:32:40Z	502 Bad Gateway
2024-07-13T16:32:44Z	502 Bad Gateway
2024-07-13T16:32:45Z	502 Bad Gateway
2024-07-13T16:32:46Z	502 Bad Gateway
2024-07-13T16:32:47Z	502 Bad Gateway
2024-07-13T16:32:49Z	502 Bad Gateway
2024-07-13T16:32:50Z	502 Bad Gateway
2024-07-13T16:32:51Z	502 Bad Gateway
2024-07-13T16:32:54Z	502 Bad Gateway
2024-07-13T16:32:55Z	502 Bad Gateway
2024-07-13T16:32:58Z	502 Bad Gateway
2024-07-13T16:32:59Z	502 Bad Gateway
2024-07-13T16:33:00Z	502 Bad Gateway
2024-07-13T16:33:01Z	502 Bad Gateway
2024-07-13T16:33:05Z	502 Bad Gateway
2024-07-13T16:33:07Z	502 Bad Gateway
2024-07-13T16:33:08Z	502 Bad Gateway
2024-07-13T16:33:10Z	502 Bad Gateway
2024-07-13T16:33:11Z	502 Bad Gateway
2024-07-13T16:33:12Z	502 Bad Gateway
2024-07-13T16:33:13Z	502 Bad Gateway
2024-07-13T16:33:14Z	502 Bad Gateway
2024-07-13T16:33:15Z	502 Bad Gateway
2024-07-13T16:33:16Z	502 Bad Gateway
2024-07-13T16:33:17Z	502 Bad Gateway
2024-07-13T16:33:18Z	502 Bad Gateway
2024-07-13T16:33:19Z	502 Bad Gateway
2024-07-13T16:33:21Z	502 Bad Gateway
2024-07-13T16:33:22Z	502 Bad Gateway
2024-07-13T16:33:23Z	502 Bad Gateway
2024-07-13T16:33:25Z	502 Bad Gateway
2024-07-13T16:33:26Z	502 Bad Gateway
2024-07-13T16:33:29Z	502 Bad Gateway
2024-07-13T16:33:33Z	502 Bad Gateway
2024-07-13T16:33:44Z	502 Bad Gateway
2024-07-13T16:33:45Z	502 Bad Gateway
2024-07-13T16:33:48Z	502 Bad Gateway
2024-07-13T16:33:49Z	502 Bad Gateway
2024-07-13T16:38:43Z	502 Bad Gateway
2024-07-13T16:38:45Z	504 GATEWAY_TIMEOUT
2024-07-13T16:38:46Z	502 Bad Gateway
2024-07-13T16:38:47Z	502 Bad Gateway
2024-07-13T16:38:48Z	502 Bad Gateway
2024-07-13T16:38:49Z	504 GATEWAY_TIMEOUT
2024-07-13T16:38:50Z	504 GATEWAY_TIMEOUT
2024-07-13T16:38:51Z	504 GATEWAY_TIMEOUT
2024-07-13T16:38:52Z	504 GATEWAY_TIMEOUT
2024-07-13T16:38:54Z	502 Bad Gateway
2024-07-13T16:38:55Z	502 Bad Gateway
2024-07-13T16:38:57Z	502 Bad Gateway
2024-07-13T16:38:59Z	502 Bad Gateway
2024-07-13T16:39:00Z	502 Bad Gateway
2024-07-13T16:39:01Z	502 Bad Gateway
2024-07-13T16:39:02Z	502 Bad Gateway
2024-07-13T16:39:03Z	502 Bad Gateway
2024-07-13T16:39:04Z	502 Bad Gateway
2024-07-13T16:39:05Z	502 Bad Gateway
2024-07-13T16:39:07Z	502 Bad Gateway
2024-07-13T16:39:08Z	502 Bad Gateway
2024-07-13T16:39:10Z	502 Bad Gateway
2024-07-13T16:39:14Z	502 Bad Gateway
2024-07-13T16:39:25Z	502 Bad Gateway
2024-07-13T16:39:26Z	502 Bad Gateway
2024-07-13T16:39:27Z	502 Bad Gateway
2024-07-13T16:39:44Z	502 Bad Gateway
2024-07-13T16:39:47Z	502 Bad Gateway
2024-07-13T16:39:49Z	502 Bad Gateway
2024-07-13T16:39:52Z	502 Bad Gateway
2024-07-13T16:39:54Z	502 Bad Gateway
2024-07-13T16:39:57Z	502 Bad Gateway
2024-07-13T16:39:58Z	502 Bad Gateway
2024-07-13T16:40:12Z	502 Bad Gateway
2024-07-13T16:40:13Z	502 Bad Gateway
2024-07-13T16:40:14Z	502 Bad Gateway
2024-07-13T16:41:39Z	502 Bad Gateway
2024-07-13T16:41:47Z	502 Bad Gateway
2024-07-13T16:41:51Z	502 Bad Gateway
2024-07-13T16:41:52Z	502 Bad Gateway
2024-07-13T16:41:53Z	502 Bad Gateway
2024-07-13T16:41:55Z	502 Bad Gateway
2024-07-13T16:41:56Z	502 Bad Gateway
2024-07-13T16:42:30Z	503 Service Unavailable: Back-end server is at capacity
2024-07-13T16:42:31Z	503 Service Unavailable: Back-end server is at capacity
2024-07-13T16:42:32Z	503 Service Unavailable: Back-end server is at capacity
2024-07-13T16:42:33Z	503 Service Unavailable: Back-end server is at capacity
2024-07-13T16:42:34Z	503 Service Unavailable: Back-end server is at capacity
2024-07-13T16:42:36Z	503 Service Unavailable: Back-end server is at capacity
2024-07-13T16:42:37Z	503 Service Unavailable: Back-end server is at capacity
2024-07-13T16:42:38Z	503 Service Unavailable: Back-end server is at capacity
2024-07-13T16:42:39Z	503 Service Unavailable: Back-end server is at capacity
2024-07-13T16:42:41Z	503 Service Unavailable: Back-end server is at capacity
2024-07-13T16:42:42Z	503 Service Unavailable: Back-end server is at capacity
2024-07-13T16:42:44Z	503 Service Unavailable: Back-end server is at capacity
2024-07-13T16:42:46Z	503 Service Unavailable: Back-end server is at capacity
2024-07-13T16:42:49Z	503 Service Unavailable: Back-end server is at capacity
2024-07-13T16:42:51Z	503 Service Unavailable: Back-end server is at capacity
2024-07-13T16:42:52Z	503 Service Unavailable: Back-end server is at capacity
2024-07-13T16:42:54Z	503 Service Unavailable: Back-end server is at capacity
2024-07-13T16:42:55Z	503 Service Unavailable: Back-end server is at capacity
2024-07-13T16:42:56Z	503 Service Unavailable: Back-end server is at capacity
2024-07-13T16:42:58Z	503 Service Unavailable: Back-end server is at capacity
2024-07-13T16:43:00Z	503 Service Unavailable: Back-end server is at capacity
2024-07-13T16:43:01Z	503 Service Unavailable: Back-end server is at capacity
2024-07-13T16:43:03Z	503 Service Unavailable: Back-end server is at capacity
2024-07-13T16:43:04Z	503 Service Unavailable: Back-end server is at capacity
2024-07-13T16:43:05Z	503 Service Unavailable: Back-end server is at capacity
2024-07-13T16:43:06Z	503 Service Unavailable: Back-end server is at capacity
2024-07-13T16:43:07Z	503 Service Unavailable: Back-end server is at capacity
2024-07-13T16:43:08Z	503 Service Unavailable: Back-end server is at capacity
2024-07-13T16:43:10Z	503 Service Unavailable: Back-end server is at capacity
2024-07-13T16:43:11Z	503 Service Unavailable: Back-end server is at capacity
2024-07-13T16:43:13Z	503 Service Unavailable: Back-end server is at capacity
2024-07-13T16:43:15Z	503 Service Unavailable: Back-end server is at capacity
2024-07-13T16:43:16Z	503 Service Unavailable: Back-end server is at capacity
2024-07-13T16:43:17Z	503 Service Unavailable: Back-end server is at capacity
2024-07-13T16:43:18Z	503 Service Unavailable: Back-end server is at capacity
2024-07-13T16:43:19Z	503 Service Unavailable: Back-end server is at capacity
2024-07-13T16:43:20Z	503 Service Unavailable: Back-end server is at capacity
2024-07-13T16:45:23Z	502 Bad Gateway
2024-07-13T16:45:24Z	502 Bad Gateway
2024-07-13T16:45:25Z	502 Bad Gateway
2024-07-13T16:45:26Z	502 Bad Gateway
2024-07-13T16:45:34Z	502 Bad Gateway
2024-07-13T16:45:35Z	502 Bad Gateway
2024-07-13T16:45:39Z	502 Bad Gateway
2024-07-13T16:45:42Z	502 Bad Gateway
2024-07-13T16:45:43Z	502 Bad Gateway
2024-07-13T16:45:44Z	502 Bad Gateway
2024-07-13T16:45:45Z	502 Bad Gateway
2024-07-13T16:45:46Z	502 Bad Gateway
2024-07-13T16:45:47Z	502 Bad Gateway
2024-07-13T16:45:48Z	502 Bad Gateway
2024-07-13T16:45:50Z	502 Bad Gateway
2024-07-13T16:45:52Z	502 Bad Gateway
2024-07-13T16:45:54Z	502 Bad Gateway
2024-07-13T16:45:59Z	502 Bad Gateway
2024-07-13T16:46:00Z	502 Bad Gateway
2024-07-13T16:46:01Z	502 Bad Gateway
2024-07-13T16:46:02Z	502 Bad Gateway
2024-07-13T16:46:05Z	502 Bad Gateway
2024-07-13T16:46:29Z	502 Bad Gateway
2024-07-13T16:46:30Z	502 Bad Gateway
2024-07-13T16:46:32Z	502 Bad Gateway
2024-07-13T16:46:33Z	502 Bad Gateway
2024-07-13T16:46:34Z	502 Bad Gateway
2024-07-13T16:46:36Z	502 Bad Gateway
2024-07-13T16:46:37Z	502 Bad Gateway
2024-07-13T16:46:38Z	502 Bad Gateway
2024-07-13T16:48:31Z	502 Bad Gateway
2024-07-13T16:48:35Z	502 Bad Gateway
2024-07-13T16:48:36Z	502 Bad Gateway
2024-07-13T16:48:39Z	502 Bad Gateway
2024-07-13T16:48:41Z	502 Bad Gateway
2024-07-13T16:48:43Z	502 Bad Gateway
2024-07-13T16:48:44Z	502 Bad Gateway
2024-07-13T16:48:45Z	502 Bad Gateway
2024-07-13T16:48:47Z	502 Bad Gateway
2024-07-13T16:48:49Z	502 Bad Gateway
2024-07-13T16:48:50Z	502 Bad Gateway
2024-07-13T16:48:51Z	502 Bad Gateway
2024-07-13T16:48:52Z	502 Bad Gateway
2024-07-13T16:48:54Z	502 Bad Gateway
2024-07-13T16:48:56Z	502 Bad Gateway
2024-07-13T16:48:59Z	502 Bad Gateway
2024-07-13T16:49:03Z	502 Bad Gateway
2024-07-13T16:49:18Z	502 Bad Gateway
2024-07-13T16:49:19Z	502 Bad Gateway
2024-07-13T16:49:21Z	502 Bad Gateway
2024-07-13T16:49:22Z	502 Bad Gateway
2024-07-13T16:49:24Z	502 Bad Gateway
2024-07-13T16:49:27Z	502 Bad Gateway
2024-07-13T16:49:29Z	502 Bad Gateway
2024-07-13T16:49:30Z	502 Bad Gateway
2024-07-13T16:49:33Z	502 Bad Gateway
2024-07-13T16:49:34Z	502 Bad Gateway
2024-07-13T16:49:47Z	502 Bad Gateway
2024-07-13T16:50:28Z	502 Bad Gateway
2024-07-13T16:50:30Z	502 Bad Gateway
2024-07-13T16:50:37Z	502 Bad Gateway
2024-07-13T16:57:37Z	502 Bad Gateway
2024-07-13T16:57:40Z	502 Bad Gateway
2024-07-13T16:57:44Z	502 Bad Gateway
2024-07-13T16:57:48Z	502 Bad Gateway
2024-07-13T16:57:49Z	502 Bad Gateway
2024-07-13T16:57:52Z	502 Bad Gateway
2024-07-13T16:58:04Z	502 Bad Gateway
2024-07-13T16:58:17Z	502 Bad Gateway
2024-07-13T16:58:18Z	502 Bad Gateway
2024-07-13T16:58:20Z	502 Bad Gateway
2024-07-13T16:58:21Z	502 Bad Gateway
2024-07-13T16:58:24Z	502 Bad Gateway
2024-07-13T16:58:25Z	502 Bad Gateway
2024-07-13T16:58:27Z	502 Bad Gateway
2024-07-13T16:58:28Z	502 Bad Gateway
2024-07-13T16:58:29Z	502 Bad Gateway
2024-07-13T16:58:30Z	502 Bad Gateway
2024-07-13T16:58:31Z	502 Bad Gateway
2024-07-13T16:58:35Z	502 Bad Gateway
2024-07-13T16:58:38Z	502 Bad Gateway
2024-07-13T16:58:39Z	502 Bad Gateway
2024-07-13T16:58:41Z	502 Bad Gateway
2024-07-13T16:59:02Z	502 Bad Gateway
2024-07-13T16:59:03Z	502 Bad Gateway
2024-07-13T16:59:29Z	502 Bad Gateway
2024-07-13T16:59:30Z	502 Bad Gateway
2024-07-13T16:59:33Z	502 Bad Gateway
2024-07-13T16:59:34Z	502 Bad Gateway
2024-07-13T16:59:41Z	502 Bad Gateway
2024-07-13T17:00:04Z	502 Bad Gateway
2024-07-13T17:00:11Z	502 Bad Gateway
2024-07-13T17:00:14Z	502 Bad Gateway
2024-07-13T17:00:18Z	502 Bad Gateway
2024-07-13T17:00:20Z	502 Bad Gateway
2024-07-13T17:00:21Z	502 Bad Gateway
2024-07-13T17:00:22Z	502 Bad Gateway
2024-07-13T17:00:25Z	502 Bad Gateway
2024-07-13T17:00:29Z	502 Bad Gateway
2024-07-13T17:00:30Z	502 Bad Gateway
2024-07-13T17:00:31Z	502 Bad Gateway
2024-07-13T17:00:34Z	502 Bad Gateway
2024-07-13T17:01:01Z	503 Service Unavailable: Back-end server is at capacity
2024-07-13T17:01:02Z	503 Service Unavailable: Back-end server is at capacity
2024-07-13T17:01:03Z	503 Service Unavailable: Back-end server is at capacity
2024-07-13T17:01:05Z	503 Service Unavailable: Back-end server is at capacity
2024-07-13T17:01:06Z	503 Service Unavailable: Back-end server is at capacity
2024-07-13T17:01:08Z	503 Service Unavailable: Back-end server is at capacity
2024-07-13T17:01:09Z	503 Service Unavailable: Back-end server is at capacity
2024-07-13T17:01:10Z	503 Service Unavailable: Back-end server is at capacity
2024-07-13T17:01:11Z	503 Service Unavailable: Back-end server is at capacity
2024-07-13T17:01:12Z	503 Service Unavailable: Back-end server is at capacity
2024-07-13T17:01:13Z	503 Service Unavailable: Back-end server is at capacity
2024-07-13T17:01:15Z	503 Service Unavailable: Back-end server is at capacity
2024-07-13T17:01:16Z	503 Service Unavailable: Back-end server is at capacity
2024-07-13T17:01:17Z	503 Service Unavailable: Back-end server is at capacity
2024-07-13T17:01:18Z	503 Service Unavailable: Back-end server is at capacity
2024-07-13T17:01:20Z	503 Service Unavailable: Back-end server is at capacity
2024-07-13T17:01:21Z	503 Service Unavailable: Back-end server is at capacity
2024-07-13T17:01:22Z	503 Service Unavailable: Back-end server is at capacity
2024-07-13T17:01:23Z	503 Service Unavailable: Back-end server is at capacity
2024-07-13T17:01:25Z	503 Service Unavailable: Back-end server is at capacity
2024-07-13T17:01:26Z	503 Service Unavailable: Back-end server is at capacity
2024-07-13T17:01:28Z	503 Service Unavailable: Back-end server is at capacity
2024-07-13T17:01:29Z	503 Service Unavailable: Back-end server is at capacity
2024-07-13T17:01:30Z	503 Service Unavailable: Back-end server is at capacity
2024-07-13T17:01:32Z	503 Service Unavailable: Back-end server is at capacity
2024-07-13T17:01:33Z	503 Service Unavailable: Back-end server is at capacity
2024-07-13T17:01:34Z	503 Service Unavailable: Back-end server is at capacity
2024-07-13T17:01:36Z	503 Service Unavailable: Back-end server is at capacity
2024-07-13T17:01:38Z	503 Service Unavailable: Back-end server is at capacity
2024-07-13T17:01:39Z	503 Service Unavailable: Back-end server is at capacity
2024-07-13T17:01:40Z	503 Service Unavailable: Back-end server is at capacity
2024-07-13T17:01:42Z	503 Service Unavailable: Back-end server is at capacity
2024-07-13T17:01:43Z	503 Service Unavailable: Back-end server is at capacity
2024-07-13T17:01:44Z	503 Service Unavailable: Back-end server is at capacity
2024-07-13T17:01:46Z	503 Service Unavailable: Back-end server is at capacity
2024-07-13T17:01:47Z	503 Service Unavailable: Back-end server is at capacity
2024-07-13T17:01:49Z	503 Service Unavailable: Back-end server is at capacity
2024-07-13T17:01:50Z	503 Service Unavailable: Back-end server is at capacity
2024-07-13T17:01:51Z	503 Service Unavailable: Back-end server is at capacity
2024-07-13T17:01:52Z	503 Service Unavailable: Back-end server is at capacity
2024-07-13T17:01:55Z	503 Service Unavailable: Back-end server is at capacity
2024-07-13T17:01:58Z	503 Service Unavailable: Back-end server is at capacity
2024-07-13T17:01:59Z	503 Service Unavailable: Back-end server is at capacity
2024-07-13T17:02:00Z	503 Service Unavailable: Back-end server is at capacity
2024-07-13T17:02:01Z	503 Service Unavailable: Back-end server is at capacity
2024-07-13T17:02:02Z	503 Service Unavailable: Back-end server is at capacity
2024-07-13T17:02:04Z	503 Service Unavailable: Back-end server is at capacity
2024-07-13T17:02:05Z	503 Service Unavailable: Back-end server is at capacity
2024-07-13T17:02:06Z	503 Service Unavailable: Back-end server is at capacity
2024-07-13T17:02:08Z	503 Service Unavailable: Back-end server is at capacity
2024-07-13T17:02:10Z	503 Service Unavailable: Back-end server is at capacity
2024-07-13T17:02:13Z	503 Service Unavailable: Back-end server is at capacity
2024-07-13T17:02:14Z	503 Service Unavailable: Back-end server is at capacity
2024-07-13T17:02:16Z	503 Service Unavailable: Back-end server is at capacity
2024-07-13T17:02:18Z	503 Service Unavailable: Back-end server is at capacity
2024-07-13T17:02:19Z	503 Service Unavailable: Back-end server is at capacity
2024-07-13T17:02:20Z	503 Service Unavailable: Back-end server is at capacity
2024-07-13T17:02:22Z	503 Service Unavailable: Back-end server is at capacity
2024-07-13T17:04:05Z	502 Bad Gateway
2024-07-13T17:04:07Z	502 Bad Gateway
2024-07-13T17:04:08Z	502 Bad Gateway
2024-07-13T17:04:09Z	502 Bad Gateway
2024-07-13T17:04:11Z	502 Bad Gateway
2024-07-13T17:04:12Z	502 Bad Gateway
2024-07-13T17:04:14Z	502 Bad Gateway
2024-07-13T17:04:15Z	502 Bad Gateway
2024-07-13T17:04:16Z	502 Bad Gateway
2024-07-13T17:04:25Z	502 Bad Gateway
2024-07-13T17:04:59Z	502 Bad Gateway
2024-07-13T17:05:01Z	502 Bad Gateway
2024-07-13T17:05:02Z	502 Bad Gateway
2024-07-13T17:12:29Z	502 Bad Gateway
2024-07-13T17:12:42Z	502 Bad Gateway
2024-07-13T17:12:44Z	502 Bad Gateway
2024-07-13T17:12:47Z	502 Bad Gateway
2024-07-13T17:12:48Z	502 Bad Gateway
2024-07-13T17:12:49Z	502 Bad Gateway
2024-07-13T17:14:15Z	502 Bad Gateway
2024-07-13T17:14:41Z	502 Bad Gateway
2024-07-13T17:14:46Z	502 Bad Gateway
2024-07-13T17:15:58Z	502 Bad Gateway
2024-07-13T17:15:59Z	502 Bad Gateway
2024-07-13T17:16:02Z	502 Bad Gateway
2024-07-13T17:16:03Z	502 Bad Gateway
2024-07-13T17:16:04Z	502 Bad Gateway
2024-07-13T17:16:09Z	502 Bad Gateway
2024-07-13T17:16:11Z	502 Bad Gateway
2024-07-13T17:16:12Z	502 Bad Gateway
2024-07-13T17:16:21Z	502 Bad Gateway
2024-07-13T17:16:46Z	502 Bad Gateway
2024-07-13T17:16:50Z	502 Bad Gateway
2024-07-13T17:17:01Z	502 Bad Gateway
2024-07-13T17:17:04Z	502 Bad Gateway
2024-07-13T17:17:05Z	502 Bad Gateway
2024-07-13T17:17:07Z	502 Bad Gateway
2024-07-13T17:17:08Z	502 Bad Gateway
2024-07-13T17:17:09Z	502 Bad Gateway
2024-07-13T17:17:12Z	502 Bad Gateway
2024-07-13T17:17:18Z	502 Bad Gateway
2024-07-13T17:17:19Z	502 Bad Gateway
2024-07-13T17:17:21Z	502 Bad Gateway
2024-07-13T17:17:47Z	502 Bad Gateway
2024-07-13T17:18:02Z	502 Bad Gateway
2024-07-13T17:18:05Z	502 Bad Gateway
2024-07-13T17:18:09Z	502 Bad Gateway
2024-07-13T17:18:16Z	502 Bad Gateway
2024-07-13T17:18:21Z	502 Bad Gateway
2024-07-13T17:18:28Z	502 Bad Gateway
2024-07-13T17:18:44Z	502 Bad Gateway
2024-07-13T17:18:45Z	502 Bad Gateway
2024-07-13T17:18:47Z	502 Bad Gateway
2024-07-13T17:18:48Z	502 Bad Gateway
2024-07-13T17:18:56Z	502 Bad Gateway
2024-07-13T17:19:30Z	503 Service Unavailable: Back-end server is at capacity
2024-07-13T17:19:32Z	503 Service Unavailable: Back-end server is at capacity
2024-07-13T17:19:33Z	503 Service Unavailable: Back-end server is at capacity
2024-07-13T17:19:35Z	503 Service Unavailable: Back-end server is at capacity
2024-07-13T17:19:36Z	503 Service Unavailable: Back-end server is at capacity
2024-07-13T17:19:37Z	503 Service Unavailable: Back-end server is at capacity
2024-07-13T17:19:38Z	503 Service Unavailable: Back-end server is at capacity
2024-07-13T17:19:39Z	503 Service Unavailable: Back-end server is at capacity
2024-07-13T17:19:41Z	503 Service Unavailable: Back-end server is at capacity
2024-07-13T17:19:42Z	503 Service Unavailable: Back-end server is at capacity
2024-07-13T17:19:43Z	503 Service Unavailable: Back-end server is at capacity
2024-07-13T17:19:45Z	503 Service Unavailable: Back-end server is at capacity
2024-07-13T17:19:46Z	503 Service Unavailable: Back-end server is at capacity
2024-07-13T17:19:47Z	503 Service Unavailable: Back-end server is at capacity
2024-07-13T17:19:49Z	503 Service Unavailable: Back-end server is at capacity
2024-07-13T17:19:51Z	503 Service Unavailable: Back-end server is at capacity
2024-07-13T17:19:52Z	503 Service Unavailable: Back-end server is at capacity
2024-07-13T17:19:54Z	503 Service Unavailable: Back-end server is at capacity
2024-07-13T17:19:55Z	503 Service Unavailable: Back-end server is at capacity
2024-07-13T17:19:56Z	503 Service Unavailable: Back-end server is at capacity
2024-07-13T17:19:57Z	503 Service Unavailable: Back-end server is at capacity
2024-07-13T17:19:58Z	503 Service Unavailable: Back-end server is at capacity
2024-07-13T17:20:00Z	503 Service Unavailable: Back-end server is at capacity
2024-07-13T17:20:01Z	503 Service Unavailable: Back-end server is at capacity
2024-07-13T17:20:02Z	503 Service Unavailable: Back-end server is at capacity
2024-07-13T17:20:03Z	503 Service Unavailable: Back-end server is at capacity
2024-07-13T17:20:05Z	503 Service Unavailable: Back-end server is at capacity
2024-07-13T17:20:06Z	503 Service Unavailable: Back-end server is at capacity
2024-07-13T17:20:07Z	503 Service Unavailable: Back-end server is at capacity
2024-07-13T17:20:08Z	503 Service Unavailable: Back-end server is at capacity
2024-07-13T17:20:11Z	503 Service Unavailable: Back-end server is at capacity
2024-07-13T17:20:12Z	503 Service Unavailable: Back-end server is at capacity
2024-07-13T17:20:13Z	503 Service Unavailable: Back-end server is at capacity
2024-07-13T17:20:14Z	503 Service Unavailable: Back-end server is at capacity
2024-07-13T17:20:16Z	503 Service Unavailable: Back-end server is at capacity
2024-07-13T17:20:17Z	503 Service Unavailable: Back-end server is at capacity
2024-07-13T17:20:18Z	503 Service Unavailable: Back-end server is at capacity
2024-07-13T17:20:19Z	503 Service Unavailable: Back-end server is at capacity
2024-07-13T17:20:21Z	503 Service Unavailable: Back-end server is at capacity
2024-07-13T17:28:25Z	502 Bad Gateway
2024-07-13T17:28:27Z	502 Bad Gateway
2024-07-13T17:28:29Z	502 Bad Gateway
2024-07-13T17:28:31Z	502 Bad Gateway
2024-07-13T17:28:32Z	502 Bad Gateway
2024-07-13T17:28:33Z	502 Bad Gateway
2024-07-13T17:28:56Z	502 Bad Gateway
2024-07-13T17:28:58Z	502 Bad Gateway
2024-07-13T17:29:12Z	502 Bad Gateway
2024-07-13T17:29:13Z	502 Bad Gateway
2024-07-13T17:29:18Z	502 Bad Gateway
2024-07-13T17:29:19Z	502 Bad Gateway
2024-07-13T17:29:22Z	502 Bad Gateway
2024-07-13T17:29:24Z	502 Bad Gateway
2024-07-13T17:29:26Z	502 Bad Gateway
2024-07-13T17:29:27Z	502 Bad Gateway
2024-07-13T17:29:29Z	502 Bad Gateway
2024-07-13T17:29:30Z	502 Bad Gateway
2024-07-13T17:29:36Z	502 Bad Gateway
2024-07-13T17:29:37Z	502 Bad Gateway
2024-07-13T17:29:39Z	502 Bad Gateway
2024-07-13T17:29:41Z	502 Bad Gateway
2024-07-13T17:29:43Z	502 Bad Gateway
2024-07-13T17:29:44Z	502 Bad Gateway
2024-07-13T17:29:45Z	502 Bad Gateway
2024-07-13T17:38:12Z	503 Service Unavailable: Back-end server is at capacity
2024-07-13T17:43:37Z	502 Bad Gateway
2024-07-13T17:45:20Z	503 Service Unavailable: Back-end server is at capacity
2024-07-13T17:50:07Z	503 Service Unavailable: Back-end server is at capacity
2024-07-13T17:50:27Z	503 Service Unavailable: Back-end server is at capacity
2024-07-13T18:04:00Z	502 Bad Gateway
2024-07-13T18:04:49Z	502 Bad Gateway
2024-07-13T18:07:17Z	503 Service Unavailable: Back-end server is at capacity
2024-07-13T18:07:47Z	503 Service Unavailable: Back-end server is at capacity
2024-07-13T18:12:22Z	502 Bad Gateway
2024-07-13T18:13:02Z	502 Bad Gateway
2024-07-13T18:13:38Z	502 Bad Gateway
2024-07-13T18:15:25Z	503 Service Unavailable: Back-end server is at capacity
2024-07-13T18:18:31Z	502 Bad Gateway
2024-07-13T18:18:44Z	502 Bad Gateway
2024-07-13T18:19:09Z	502 Bad Gateway
2024-07-13T18:20:18Z	502 Bad Gateway
2024-07-13T18:21:10Z	502 Bad Gateway
2024-07-13T18:21:37Z	503 Service Unavailable: Back-end server is at capacity
2024-07-13T18:22:04Z	503 Service Unavailable: Back-end server is at capacity
2024-07-13T18:24:14Z	502 Bad Gateway
2024-07-13T18:24:20Z	502 Bad Gateway
2024-07-13T18:24:56Z	502 Bad Gateway
2024-07-13T18:37:38Z	502 Bad Gateway
2024-07-13T18:39:41Z	504 GATEWAY_TIMEOUT
2024-07-13T18:41:01Z	503 Service Unavailable: Back-end server is at capacity
2024-07-13T18:43:34Z	502 Bad Gateway
2024-07-13T18:52:03Z	502 Bad Gateway
2024-07-13T18:54:05Z	502 Bad Gateway
2024-07-13T18:55:14Z	502 Bad Gateway
2024-07-13T18:56:04Z	503 Service Unavailable: Back-end server is at capacity
2024-07-13T18:56:49Z	503 Service Unavailable: Back-end server is at capacity
2024-07-13T18:59:34Z	502 Bad Gateway
2024-07-13T19:01:23Z	502 Bad Gateway
2024-07-13T19:05:14Z	502 Bad Gateway
2024-07-13T19:08:24Z	503 Service Unavailable: Back-end server is at capacity
2024-07-13T19:12:36Z	502 Bad Gateway
2024-07-13T19:12:51Z	502 Bad Gateway
2024-07-13T19:13:25Z	502 Bad Gateway
2024-07-13T19:14:17Z	502 Bad Gateway
2024-07-13T19:16:37Z	503 Service Unavailable: Back-end server is at capacity
2024-07-13T19:20:50Z	502 Bad Gateway
2024-07-13T19:21:26Z	502 Bad Gateway
2024-07-13T19:22:07Z	502 Bad Gateway
2024-07-13T19:23:07Z	503 Service Unavailable: Back-end server is at capacity
2024-07-13T19:28:14Z	502 Bad Gateway
2024-07-13T19:29:21Z	503 Service Unavailable: Back-end server is at capacity
2024-07-13T19:31:02Z	502 Bad Gateway
2024-07-13T19:34:19Z	502 Bad Gateway
2024-07-13T19:34:46Z	503 Service Unavailable: Back-end server is at capacity
2024-07-13T19:35:06Z	503 Service Unavailable: Back-end server is at capacity
2024-07-13T19:39:32Z	502 Bad Gateway
2024-07-13T19:39:54Z	502 Bad Gateway
2024-07-13T19:47:22Z	502 Bad Gateway
2024-07-13T19:48:19Z	502 Bad Gateway
2024-07-13T19:48:40Z	502 Bad Gateway
2024-07-13T19:49:28Z	502 Bad Gateway
2024-07-13T19:50:11Z	502 Bad Gateway
2024-07-13T19:50:57Z	503 Service Unavailable: Back-end server is at capacity
2024-07-13T19:51:17Z	503 Service Unavailable: Back-end server is at capacity
2024-07-13T20:03:08Z	502 Bad Gateway
2024-07-13T20:05:56Z	502 Bad Gateway
2024-07-13T20:06:34Z	503 Service Unavailable: Back-end server is at capacity
2024-07-13T20:07:29Z	503 Service Unavailable: Back-end server is at capacity
2024-07-13T20:10:42Z	502 Bad Gateway
2024-07-13T20:18:10Z	502 Bad Gateway
2024-07-13T20:18:42Z	502 Bad Gateway
2024-07-13T20:19:40Z	502 Bad Gateway
2024-07-13T20:20:43Z	502 Bad Gateway
2024-07-13T20:21:39Z	503 Service Unavailable: Back-end server is at capacity
2024-07-13T20:24:45Z	502 Bad Gateway
2024-07-13T20:25:52Z	502 Bad Gateway
2024-07-13T20:27:27Z	502 Bad Gateway
2024-07-13T20:27:46Z	502 Bad Gateway
2024-07-13T20:28:12Z	503 Service Unavailable: Back-end server is at capacity
2024-07-13T20:28:33Z	503 Service Unavailable: Back-end server is at capacity
2024-07-13T20:28:58Z	503 Service Unavailable: Back-end server is at capacity
2024-07-13T20:39:51Z	502 Bad Gateway
2024-07-13T20:40:58Z	502 Bad Gateway
2024-07-13T20:51:00Z	502 Bad Gateway
2024-07-13T20:53:09Z	503 Service Unavailable: Back-end server is at capacity
2024-07-13T20:53:32Z	503 Service Unavailable: Back-end server is at capacity
2024-07-13T20:53:52Z	503 Service Unavailable: Back-end server is at capacity
2024-07-13T21:04:15Z	502 Bad Gateway
2024-07-13T21:05:40Z	502 Bad Gateway
2024-07-13T21:07:28Z	503 Service Unavailable: Back-end server is at capacity
2024-07-13T21:07:53Z	503 Service Unavailable: Back-end server is at capacity
2024-07-13T21:08:13Z	503 Service Unavailable: Back-end server is at capacity
2024-07-13T21:11:42Z	502 Bad Gateway
2024-07-13T21:14:30Z	503 Service Unavailable: Back-end server is at capacity
2024-07-13T21:14:50Z	503 Service Unavailable: Back-end server is at capacity
2024-07-13T21:15:03Z	503 Service Unavailable: Back-end server is at capacity
2024-07-13T21:15:14Z	503 Service Unavailable: Back-end server is at capacity
2024-07-13T21:27:26Z	502 Bad Gateway
2024-07-13T21:30:35Z	502 Bad Gateway
2024-07-13T21:45:29Z	502 Bad Gateway
2024-07-13T21:47:09Z	502 Bad Gateway
2024-07-13T21:48:02Z	503 Service Unavailable: Back-end server is at capacity
2024-07-13T21:48:15Z	503 Service Unavailable: Back-end server is at capacity
2024-07-13T21:48:33Z	503 Service Unavailable: Back-end server is at capacity
2024-07-13T21:48:45Z	503 Service Unavailable: Back-end server is at capacity
2024-07-13T21:54:40Z	502 Bad Gateway
2024-07-13T21:57:32Z	503 Service Unavailable: Back-end server is at capacity
2024-07-13T21:58:02Z	503 Service Unavailable: Back-end server is at capacity
2024-07-13T22:10:12Z	502 Bad Gateway
2024-07-13T22:10:40Z	502 Bad Gateway
2024-07-13T22:27:24Z	502 Bad Gateway
2024-07-13T22:28:08Z	502 Bad Gateway
2024-07-13T22:30:52Z	503 Service Unavailable: Back-end server is at capacity
2024-07-13T22:31:21Z	503 Service Unavailable: Back-end server is at capacity
2024-07-13T22:44:47Z	502 Bad Gateway
2024-07-13T22:45:44Z	502 Bad Gateway
2024-07-13T22:47:58Z	503 Service Unavailable: Back-end server is at capacity
2024-07-13T22:48:35Z	503 Service Unavailable: Back-end server is at capacity
2024-07-13T22:59:52Z	502 Bad Gateway
2024-07-13T23:05:09Z	502 Bad Gateway
2024-07-13T23:12:35Z	502 Bad Gateway
2024-07-13T23:14:17Z	502 Bad Gateway
2024-07-13T23:14:43Z	502 Bad Gateway
2024-07-13T23:15:02Z	503 Service Unavailable: Back-end server is at capacity
2024-07-13T23:15:37Z	503 Service Unavailable: Back-end server is at capacity
2024-07-13T23:29:13Z	502 Bad Gateway
2024-07-13T23:35:41Z	503 Service Unavailable: Back-end server is at capacity
2024-07-13T23:36:11Z	503 Service Unavailable: Back-end server is at capacity
2024-07-13T23:57:13Z	503 Service Unavailable: Back-end server is at capacity
2024-07-13T23:57:36Z	503 Service Unavailable: Back-end server is at capacity
2024-07-14T00:08:21Z	502 Bad Gateway
2024-07-14T00:08:45Z	502 Bad Gateway
2024-07-14T00:11:52Z	503 Service Unavailable: Back-end server is at capacity
2024-07-14T00:25:49Z	502 Bad Gateway
2024-07-14T00:26:01Z	502 Bad Gateway
2024-07-14T00:27:37Z	502 Bad Gateway
2024-07-14T02:59:00Z	502 Bad Gateway
2024-07-14T09:03:25Z	504 GATEWAY_TIMEOUT
2024-07-14T16:40:01Z	502 Bad Gateway
2024-07-14T16:40:16Z	502 Bad Gateway
2024-07-14T16:41:05Z	502 Bad Gateway
2024-07-14T16:42:30Z	502 Bad Gateway
2024-07-14T16:43:03Z	502 Bad Gateway
2024-07-14T16:44:15Z	503 Service Unavailable: Back-end server is at capacity
2024-07-14T16:45:39Z	502 Bad Gateway
2024-07-14T16:45:49Z	502 Bad Gateway
2024-07-14T16:46:00Z	502 Bad Gateway
2024-07-14T16:46:13Z	502 Bad Gateway
2024-07-14T16:47:17Z	502 Bad Gateway
2024-07-14T16:59:40Z	502 Bad Gateway
2024-07-14T17:00:45Z	502 Bad Gateway
2024-07-14T17:02:13Z	503 Service Unavailable: Back-end server is at capacity
2024-07-14T17:03:43Z	504 GATEWAY_TIMEOUT
2024-07-14T17:04:18Z	502 Bad Gateway
2024-07-14T17:05:40Z	502 Bad Gateway
2024-07-14T17:07:07Z	503 Service Unavailable: Back-end server is at capacity
2024-07-14T17:09:35Z	504 GATEWAY_TIMEOUT
2024-07-14T17:10:31Z	502 Bad Gateway
2024-07-14T17:11:31Z	502 Bad Gateway
2024-07-14T17:12:11Z	502 Bad Gateway
2024-07-14T17:13:22Z	503 Service Unavailable: Back-end server is at capacity
2024-07-14T17:15:28Z	504 GATEWAY_TIMEOUT
2024-07-14T17:16:11Z	502 Bad Gateway
2024-07-14T17:18:52Z	503 Service Unavailable: Back-end server is at capacity
2024-07-14T17:19:45Z	503 Service Unavailable: Back-end server is at capacity
2024-07-14T17:21:33Z	502 Bad Gateway
2024-07-14T17:22:20Z	502 Bad Gateway
2024-07-14T17:24:55Z	503 Service Unavailable: Back-end server is at capacity
2024-07-14T17:25:55Z	503 Service Unavailable: Back-end server is at capacity
2024-07-14T17:28:27Z	502 Bad Gateway
2024-07-14T17:30:20Z	502 Bad Gateway
2024-07-14T17:31:33Z	503 Service Unavailable: Back-end server is at capacity
2024-07-14T17:43:58Z	502 Bad Gateway
2024-07-14T17:44:56Z	502 Bad Gateway
2024-07-14T17:47:44Z	503 Service Unavailable: Back-end server is at capacity
2024-07-14T17:50:41Z	502 Bad Gateway
2024-07-14T17:51:17Z	502 Bad Gateway
2024-07-14T17:53:45Z	503 Service Unavailable: Back-end server is at capacity
2024-07-14T17:54:20Z	503 Service Unavailable: Back-end server is at capacity
2024-07-14T17:54:52Z	503 Service Unavailable: Back-end server is at capacity
2024-07-14T18:02:55Z	502 Bad Gateway
2024-07-14T18:03:01Z	502 Bad Gateway
2024-07-14T18:03:24Z	502 Bad Gateway
2024-07-14T18:05:37Z	502 Bad Gateway
2024-07-14T18:06:58Z	503 Service Unavailable: Back-end server is at capacity
2024-07-14T18:10:58Z	502 Bad Gateway
2024-07-14T18:12:10Z	502 Bad Gateway
2024-07-14T18:14:44Z	503 Service Unavailable: Back-end server is at capacity
2024-07-14T18:28:46Z	502 Bad Gateway
2024-07-14T18:29:34Z	502 Bad Gateway
2024-07-14T18:30:47Z	503 Service Unavailable: Back-end server is at capacity
2024-07-14T18:33:05Z	502 Bad Gateway
2024-07-14T18:33:49Z	502 Bad Gateway
2024-07-14T18:36:20Z	503 Service Unavailable: Back-end server is at capacity
2024-07-14T18:37:05Z	503 Service Unavailable: Back-end server is at capacity
2024-07-14T18:42:53Z	502 Bad Gateway
2024-07-14T18:43:57Z	502 Bad Gateway
2024-07-14T18:46:36Z	502 Bad Gateway
2024-07-14T18:47:42Z	502 Bad Gateway
2024-07-14T18:48:43Z	503 Service Unavailable: Back-end server is at capacity
2024-07-14T18:51:03Z	502 Bad Gateway
2024-07-14T18:53:42Z	502 Bad Gateway
2024-07-14T18:54:59Z	503 Service Unavailable: Back-end server is at capacity
2024-07-14T19:03:43Z	502 Bad Gateway
2024-07-14T19:04:30Z	502 Bad Gateway
2024-07-14T19:07:06Z	503 Service Unavailable: Back-end server is at capacity
2024-07-14T19:09:39Z	502 Bad Gateway
2024-07-14T19:13:34Z	503 Service Unavailable: Back-end server is at capacity
2024-07-14T19:15:56Z	504 GATEWAY_TIMEOUT
2024-07-14T19:20:26Z	503 Service Unavailable: Back-end server is at capacity
2024-07-14T19:21:50Z	502 Bad Gateway
2024-07-14T19:23:18Z	502 Bad Gateway
2024-07-14T19:26:00Z	503 Service Unavailable: Back-end server is at capacity
2024-07-14T19:28:08Z	502 Bad Gateway
2024-07-14T19:29:38Z	502 Bad Gateway
2024-07-14T19:31:02Z	502 Bad Gateway
2024-07-14T19:31:58Z	503 Service Unavailable: Back-end server is at capacity
2024-07-14T19:32:57Z	503 Service Unavailable: Back-end server is at capacity
2024-07-14T19:37:45Z	503 Service Unavailable: Back-end server is at capacity
2024-07-14T19:39:07Z	503 Service Unavailable: Back-end server is at capacity
2024-07-14T19:44:16Z	502 Bad Gateway
2024-07-14T19:45:23Z	503 Service Unavailable: Back-end server is at capacity
2024-07-14T19:50:02Z	502 Bad Gateway
2024-07-14T19:51:26Z	503 Service Unavailable: Back-end server is at capacity
2024-07-14T19:52:30Z	503 Service Unavailable: Back-end server is at capacity
2024-07-14T19:54:59Z	502 Bad Gateway
2024-07-14T20:03:39Z	502 Bad Gateway
2024-07-14T20:04:28Z	502 Bad Gateway
2024-07-14T20:07:27Z	503 Service Unavailable: Back-end server is at capacity
2024-07-14T20:07:49Z	503 Service Unavailable: Back-end server is at capacity
2024-07-14T20:14:18Z	502 Bad Gateway
2024-07-14T20:14:40Z	502 Bad Gateway
2024-07-14T20:15:27Z	502 Bad Gateway
2024-07-14T20:23:47Z	502 Bad Gateway
2024-07-14T20:24:24Z	503 Service Unavailable: Back-end server is at capacity
2024-07-14T20:25:01Z	503 Service Unavailable: Back-end server is at capacity
2024-07-14T20:29:22Z	502 Bad Gateway
2024-07-14T20:29:56Z	502 Bad Gateway
2024-07-14T20:31:04Z	502 Bad Gateway
2024-07-14T20:32:55Z	503 Service Unavailable: Back-end server is at capacity
2024-07-14T20:33:19Z	503 Service Unavailable: Back-end server is at capacity
2024-07-14T20:46:21Z	502 Bad Gateway
2024-07-14T20:46:27Z	502 Bad Gateway
2024-07-14T20:47:00Z	502 Bad Gateway
2024-07-14T20:49:28Z	502 Bad Gateway
2024-07-14T20:50:24Z	503 Service Unavailable: Back-end server is at capacity
2024-07-14T20:53:57Z	502 Bad Gateway
2024-07-14T20:54:07Z	502 Bad Gateway
2024-07-14T20:54:48Z	502 Bad Gateway
2024-07-15T01:57:41Z	504 GATEWAY_TIMEOUT
2024-07-15T16:37:43Z	504 GATEWAY_TIMEOUT
2024-07-15T16:37:54Z	502 Bad Gateway
2024-07-15T16:38:06Z	502 Bad Gateway
2024-07-15T16:38:19Z	502 Bad Gateway
2024-07-15T16:38:32Z	502 Bad Gateway
2024-07-15T16:39:49Z	502 Bad Gateway
2024-07-15T16:41:12Z	502 Bad Gateway
2024-07-15T16:42:05Z	503 Service Unavailable: Back-end server is at capacity
2024-07-15T16:44:24Z	502 Bad Gateway
2024-07-15T16:45:03Z	502 Bad Gateway
2024-07-15T16:45:40Z	502 Bad Gateway
2024-07-15T17:01:47Z	502 Bad Gateway
2024-07-15T17:02:10Z	504 GATEWAY_TIMEOUT
2024-07-15T17:03:19Z	502 Bad Gateway
2024-07-15T17:04:39Z	502 Bad Gateway
2024-07-15T17:05:31Z	503 Service Unavailable: Back-end server is at capacity
2024-07-15T17:12:25Z	503 Service Unavailable: Back-end server is at capacity
2024-07-15T17:21:49Z	502 Bad Gateway
2024-07-15T17:22:22Z	502 Bad Gateway
2024-07-15T17:23:25Z	502 Bad Gateway
2024-07-15T17:24:30Z	504 GATEWAY_TIMEOUT
2024-07-15T17:25:00Z	503 Service Unavailable: Back-end server is at capacity
2024-07-15T17:25:28Z	503 Service Unavailable: Back-end server is at capacity
2024-07-15T17:26:27Z	503 Service Unavailable: Back-end server is at capacity
2024-07-15T17:29:22Z	502 Bad Gateway
2024-07-15T17:29:51Z	502 Bad Gateway
2024-07-15T17:30:40Z	502 Bad Gateway
2024-07-15T17:31:15Z	502 Bad Gateway
2024-07-15T17:32:47Z	503 Service Unavailable: Back-end server is at capacity
2024-07-15T17:35:51Z	502 Bad Gateway
2024-07-15T17:35:54Z	504 GATEWAY_TIMEOUT
2024-07-15T17:35:58Z	502 Bad Gateway
2024-07-15T17:36:03Z	502 Bad Gateway
2024-07-15T17:36:08Z	502 Bad Gateway
2024-07-15T17:36:13Z	502 Bad Gateway
2024-07-15T17:36:34Z	502 Bad Gateway
2024-07-15T17:38:28Z	502 Bad Gateway
2024-07-15T17:39:38Z	503 Service Unavailable: Back-end server is at capacity
2024-07-15T17:43:04Z	502 Bad Gateway
2024-07-15T17:44:29Z	502 Bad Gateway
2024-07-15T17:45:47Z	504 GATEWAY_TIMEOUT
2024-07-15T17:46:54Z	503 Service Unavailable: Back-end server is at capacity
2024-07-15T18:02:11Z	504 GATEWAY_TIMEOUT
2024-07-15T18:02:32Z	502 Bad Gateway
2024-07-15T18:02:55Z	502 Bad Gateway
2024-07-15T18:03:48Z	502 Bad Gateway
2024-07-15T18:05:17Z	502 Bad Gateway
2024-07-15T18:06:31Z	503 Service Unavailable: Back-end server is at capacity
2024-07-15T18:07:49Z	503 Service Unavailable: Back-end server is at capacity
2024-07-15T18:09:18Z	502 Bad Gateway
2024-07-15T18:10:20Z	502 Bad Gateway
2024-07-15T18:17:04Z	504 GATEWAY_TIMEOUT
2024-07-15T18:17:19Z	502 Bad Gateway
2024-07-15T18:17:45Z	504 GATEWAY_TIMEOUT
2024-07-15T18:18:09Z	502 Bad Gateway
2024-07-15T18:19:26Z	502 Bad Gateway
2024-07-15T18:20:43Z	503 Service Unavailable: Back-end server is at capacity
2024-07-15T18:21:52Z	503 Service Unavailable: Back-end server is at capacity
2024-07-15T18:23:17Z	502 Bad Gateway
2024-07-15T18:24:29Z	502 Bad Gateway
2024-07-15T18:26:19Z	502 Bad Gateway
2024-07-15T18:38:55Z	502 Bad Gateway
2024-07-15T18:40:15Z	502 Bad Gateway
2024-07-15T18:41:44Z	502 Bad Gateway
2024-07-16T16:44:12Z	502 Bad Gateway
2024-07-16T16:44:52Z	504 GATEWAY_TIMEOUT
2024-07-16T16:47:04Z	502 Bad Gateway
2024-07-16T16:48:21Z	503 Service Unavailable: Back-end server is at capacity
2024-07-16T17:17:41Z	502 Bad Gateway
2024-07-16T17:18:50Z	502 Bad Gateway
2024-07-16T17:19:29Z	502 Bad Gateway
2024-07-16T17:19:53Z	502 Bad Gateway
2024-07-16T17:47:07Z	502 Bad Gateway
2024-07-16T17:48:04Z	502 Bad Gateway
2024-07-16T17:51:33Z	502 Bad Gateway
2024-07-16T17:51:45Z	502 Bad Gateway
2024-07-16T18:03:47Z	502 Bad Gateway
2024-07-16T18:05:16Z	502 Bad Gateway
2024-07-16T18:08:18Z	502 Bad Gateway
2024-07-16T18:08:59Z	502 Bad Gateway
2024-07-16T18:09:23Z	502 Bad Gateway
2024-07-16T18:11:32Z	502 Bad Gateway
2024-07-16T18:12:40Z	502 Bad Gateway
2024-07-16T18:14:09Z	503 Service Unavailable: Back-end server is at capacity
2024-07-16T18:14:38Z	503 Service Unavailable: Back-end server is at capacity
2024-07-16T18:19:54Z	502 Bad Gateway
2024-07-16T18:21:12Z	502 Bad Gateway
2024-07-16T18:22:20Z	503 Service Unavailable: Back-end server is at capacity
2024-07-16T18:22:53Z	503 Service Unavailable: Back-end server is at capacity
2024-07-16T18:27:40Z	502 Bad Gateway
2024-07-16T18:28:28Z	502 Bad Gateway
2024-07-16T18:29:09Z	502 Bad Gateway
2024-07-16T18:30:07Z	503 Service Unavailable: Back-end server is at capacity
2024-07-16T18:30:56Z	503 Service Unavailable: Back-end server is at capacity
2024-07-16T18:33:46Z	502 Bad Gateway
2024-07-16T18:34:26Z	502 Bad Gateway
2024-07-16T18:38:19Z	502 Bad Gateway
2024-07-16T18:39:57Z	502 Bad Gateway
2024-07-16T18:41:25Z	503 Service Unavailable: Back-end server is at capacity
2024-07-16T18:52:20Z	502 Bad Gateway
2024-07-16T18:52:39Z	502 Bad Gateway
2024-07-16T18:54:26Z	502 Bad Gateway
2024-07-16T18:55:07Z	502 Bad Gateway
2024-07-16T18:55:44Z	502 Bad Gateway
2024-07-16T18:56:28Z	503 Service Unavailable: Back-end server is at capacity
2024-07-16T18:57:06Z	503 Service Unavailable: Back-end server is at capacity
2024-07-16T19:03:29Z	502 Bad Gateway
2024-07-16T19:07:10Z	503 Service Unavailable: Back-end server is at capacity
2024-07-16T19:20:29Z	502 Bad Gateway
2024-07-16T19:21:11Z	503 Service Unavailable: Back-end server is at capacity
2024-07-16T19:23:24Z	502 Bad Gateway
2024-07-16T19:23:58Z	502 Bad Gateway
2024-07-16T19:25:37Z	502 Bad Gateway
2024-07-16T19:26:06Z	502 Bad Gateway
2024-07-16T19:27:06Z	503 Service Unavailable: Back-end server is at capacity
2024-07-16T19:27:59Z	503 Service Unavailable: Back-end server is at capacity
2024-07-16T19:30:11Z	502 Bad Gateway
2024-07-16T19:32:52Z	502 Bad Gateway
2024-07-16T19:36:58Z	502 Bad Gateway
2024-07-16T19:39:18Z	502 Bad Gateway
2024-07-16T19:43:14Z	503 Service Unavailable: Back-end server is at capacity
2024-07-16T19:50:11Z	502 Bad Gateway
2024-07-16T19:51:23Z	502 Bad Gateway
2024-07-16T19:51:44Z	502 Bad Gateway
2024-07-16T19:52:07Z	503 Service Unavailable: Back-end server is at capacity
2024-07-16T19:52:31Z	503 Service Unavailable: Back-end server is at capacity
2024-07-16T19:52:48Z	503 Service Unavailable: Back-end server is at capacity
2024-07-17T01:06:36Z	504 GATEWAY_TIMEOUT
2024-07-17T08:36:26Z	504 GATEWAY_TIMEOUT
2024-07-17T16:08:27Z	504 GATEWAY_TIMEOUT
2024-07-17T16:44:55Z	502 Bad Gateway
2024-07-17T16:46:16Z	502 Bad Gateway
2024-07-17T16:47:11Z	502 Bad Gateway
2024-07-17T16:47:13Z	502 Bad Gateway
2024-07-17T16:47:52Z	503 Service Unavailable: Back-end server is at capacity
2024-07-17T16:48:37Z	503 Service Unavailable: Back-end server is at capacity
2024-07-17T16:48:46Z	503 Service Unavailable: Back-end server is at capacity
2024-07-17T16:50:42Z	502 Bad Gateway
2024-07-17T16:50:59Z	502 Bad Gateway
2024-07-17T16:51:35Z	502 Bad Gateway
2024-07-17T16:52:11Z	502 Bad Gateway
2024-07-17T16:53:03Z	502 Bad Gateway
2024-07-17T16:53:24Z	502 Bad Gateway
2024-07-17T16:54:46Z	503 Service Unavailable: Back-end server is at capacity
2024-07-17T17:03:01Z	502 Bad Gateway
2024-07-17T17:03:08Z	502 Bad Gateway
2024-07-17T17:03:16Z	502 Bad Gateway
2024-07-17T17:03:26Z	502 Bad Gateway
2024-07-17T17:03:34Z	502 Bad Gateway
2024-07-17T17:05:58Z	502 Bad Gateway
2024-07-17T17:10:55Z	502 Bad Gateway
2024-07-17T17:21:42Z	502 Bad Gateway
2024-07-17T17:22:04Z	502 Bad Gateway
2024-07-17T17:22:38Z	502 Bad Gateway
2024-07-17T17:22:50Z	502 Bad Gateway
2024-07-17T17:23:12Z	502 Bad Gateway
2024-07-17T17:23:51Z	503 Service Unavailable: Back-end server is at capacity
2024-07-17T17:24:08Z	503 Service Unavailable: Back-end server is at capacity
2024-07-17T17:24:10Z	503 Service Unavailable: Back-end server is at capacity
2024-07-17T17:24:32Z	503 Service Unavailable: Back-end server is at capacity
2024-07-17T17:24:42Z	503 Service Unavailable: Back-end server is at capacity
2024-07-17T17:37:01Z	502 Bad Gateway
2024-07-17T17:37:13Z	502 Bad Gateway
2024-07-17T17:37:34Z	502 Bad Gateway
2024-07-17T17:38:05Z	502 Bad Gateway
2024-07-17T17:39:14Z	502 Bad Gateway
2024-07-17T17:39:46Z	502 Bad Gateway
2024-07-17T17:39:53Z	502 Bad Gateway
2024-07-17T17:40:25Z	503 Service Unavailable: Back-end server is at capacity
2024-07-17T17:40:40Z	503 Service Unavailable: Back-end server is at capacity
2024-07-17T17:41:04Z	503 Service Unavailable: Back-end server is at capacity
2024-07-17T18:00:11Z	502 Bad Gateway
2024-07-17T18:00:19Z	502 Bad Gateway
2024-07-17T18:00:46Z	502 Bad Gateway
2024-07-17T18:16:53Z	502 Bad Gateway
2024-07-17T18:16:54Z	502 Bad Gateway
2024-07-17T18:17:18Z	502 Bad Gateway
2024-07-17T18:17:20Z	502 Bad Gateway
2024-07-17T18:18:24Z	502 Bad Gateway
2024-07-17T18:20:33Z	502 Bad Gateway
2024-07-17T18:27:08Z	502 Bad Gateway
2024-07-17T18:31:39Z	502 Bad Gateway
2024-07-17T18:41:40Z	502 Bad Gateway
2024-07-17T18:41:44Z	502 Bad Gateway
2024-07-17T18:42:07Z	502 Bad Gateway
2024-07-17T18:43:44Z	502 Bad Gateway
2024-07-17T18:43:49Z	502 Bad Gateway
2024-07-17T18:44:16Z	502 Bad Gateway
2024-07-17T18:44:26Z	502 Bad Gateway
2024-07-17T18:44:46Z	503 Service Unavailable: Back-end server is at capacity
2024-07-17T18:44:53Z	503 Service Unavailable: Back-end server is at capacity
2024-07-17T18:45:07Z	503 Service Unavailable: Back-end server is at capacity
2024-07-17T18:45:32Z	503 Service Unavailable: Back-end server is at capacity
2024-07-17T18:45:36Z	503 Service Unavailable: Back-end server is at capacity
2024-07-17T18:53:28Z	502 Bad Gateway
2024-07-17T18:53:29Z	502 Bad Gateway
2024-07-17T18:54:12Z	502 Bad Gateway
2024-07-17T18:56:22Z	502 Bad Gateway
2024-07-17T18:56:56Z	503 Service Unavailable: Back-end server is at capacity
2024-07-17T18:56:57Z	503 Service Unavailable: Back-end server is at capacity
2024-07-17T18:57:14Z	503 Service Unavailable: Back-end server is at capacity
2024-07-17T18:57:19Z	503 Service Unavailable: Back-end server is at capacity
2024-07-17T18:57:33Z	503 Service Unavailable: Back-end server is at capacity
2024-07-17T18:57:43Z	503 Service Unavailable: Back-end server is at capacity
2024-07-17T18:57:49Z	503 Service Unavailable: Back-end server is at capacity
2024-07-17T18:58:05Z	503 Service Unavailable: Back-end server is at capacity
2024-07-17T18:58:11Z	503 Service Unavailable: Back-end server is at capacity
2024-07-17T19:03:07Z	502 Bad Gateway
2024-07-17T19:03:24Z	502 Bad Gateway
2024-07-17T19:03:33Z	502 Bad Gateway
2024-07-17T19:04:12Z	502 Bad Gateway
2024-07-17T19:05:11Z	502 Bad Gateway
2024-07-17T19:06:01Z	502 Bad Gateway
2024-07-17T19:06:49Z	503 Service Unavailable: Back-end server is at capacity
2024-07-17T19:07:02Z	503 Service Unavailable: Back-end server is at capacity
2024-07-17T19:18:01Z	502 Bad Gateway
2024-07-17T19:18:11Z	502 Bad Gateway
2024-07-17T19:18:56Z	502 Bad Gateway
2024-07-17T19:20:42Z	503 Service Unavailable: Back-end server is at capacity
2024-07-17T19:21:13Z	503 Service Unavailable: Back-end server is at capacity
2024-07-17T19:21:37Z	503 Service Unavailable: Back-end server is at capacity
2024-07-17T19:22:03Z	503 Service Unavailable: Back-end server is at capacity
2024-07-17T19:24:19Z	504 GATEWAY_TIMEOUT
2024-07-17T19:24:24Z	504 GATEWAY_TIMEOUT
2024-07-17T19:24:45Z	502 Bad Gateway
2024-07-17T19:25:14Z	502 Bad Gateway
2024-07-17T19:33:45Z	502 Bad Gateway
2024-07-17T19:33:50Z	502 Bad Gateway
2024-07-17T19:33:58Z	502 Bad Gateway
2024-07-17T19:36:59Z	503 Service Unavailable: Back-end server is at capacity
2024-07-17T19:37:36Z	503 Service Unavailable: Back-end server is at capacity
2024-07-17T19:38:00Z	503 Service Unavailable: Back-end server is at capacity
2024-07-17T19:39:18Z	502 Bad Gateway
2024-07-17T19:39:30Z	502 Bad Gateway
2024-07-17T19:39:52Z	502 Bad Gateway
2024-07-17T19:39:53Z	502 Bad Gateway
2024-07-17T19:40:32Z	502 Bad Gateway
2024-07-17T19:40:58Z	502 Bad Gateway
2024-07-17T19:41:09Z	502 Bad Gateway
2024-07-17T19:42:37Z	502 Bad Gateway
2024-07-17T19:43:03Z	503 Service Unavailable: Back-end server is at capacity
2024-07-17T19:43:48Z	503 Service Unavailable: Back-end server is at capacity
2024-07-17T19:44:03Z	503 Service Unavailable: Back-end server is at capacity
2024-07-17T19:46:12Z	502 Bad Gateway
2024-07-17T19:46:43Z	502 Bad Gateway
2024-07-17T19:46:45Z	502 Bad Gateway
2024-07-17T19:47:47Z	502 Bad Gateway
2024-07-17T19:48:10Z	502 Bad Gateway
2024-07-17T19:48:21Z	504 GATEWAY_TIMEOUT
2024-07-17T19:50:04Z	503 Service Unavailable: Back-end server is at capacity
2024-07-17T19:52:13Z	502 Bad Gateway
2024-07-17T19:53:35Z	502 Bad Gateway
2024-07-17T19:55:00Z	504 GATEWAY_TIMEOUT
2024-07-17T19:56:18Z	503 Service Unavailable: Back-end server is at capacity
2024-07-17T19:58:41Z	502 Bad Gateway
2024-07-17T19:59:00Z	504 GATEWAY_TIMEOUT
2024-07-17T19:59:29Z	502 Bad Gateway
2024-07-17T20:00:02Z	502 Bad Gateway
2024-07-17T20:00:37Z	502 Bad Gateway
2024-07-17T20:01:24Z	502 Bad Gateway
2024-07-17T20:02:04Z	503 Service Unavailable: Back-end server is at capacity
2024-07-17T20:02:28Z	503 Service Unavailable: Back-end server is at capacity
2024-07-17T20:02:51Z	503 Service Unavailable: Back-end server is at capacity
2024-07-17T20:05:23Z	502 Bad Gateway
2024-07-17T20:05:44Z	504 GATEWAY_TIMEOUT
2024-07-17T20:05:54Z	502 Bad Gateway
2024-07-17T20:06:27Z	502 Bad Gateway
2024-07-17T20:07:38Z	502 Bad Gateway
2024-07-17T20:08:29Z	502 Bad Gateway
2024-07-17T20:09:00Z	503 Service Unavailable: Back-end server is at capacity
2024-07-17T20:09:18Z	503 Service Unavailable: Back-end server is at capacity
2024-07-17T20:10:40Z	502 Bad Gateway
2024-07-17T20:12:06Z	502 Bad Gateway
2024-07-17T20:12:26Z	502 Bad Gateway
2024-07-17T20:13:32Z	502 Bad Gateway
2024-07-17T20:14:59Z	503 Service Unavailable: Back-end server is at capacity
2024-07-17T20:15:04Z	503 Service Unavailable: Back-end server is at capacity
2024-07-17T20:15:42Z	503 Service Unavailable: Back-end server is at capacity
2024-07-17T20:16:07Z	503 Service Unavailable: Back-end server is at capacity
2024-07-17T20:17:06Z	504 GATEWAY_TIMEOUT
2024-07-17T20:17:53Z	502 Bad Gateway
2024-07-17T20:18:28Z	502 Bad Gateway
2024-07-17T20:18:45Z	502 Bad Gateway
2024-07-17T20:19:57Z	502 Bad Gateway
2024-07-17T20:21:00Z	503 Service Unavailable: Back-end server is at capacity
2024-07-17T20:22:03Z	503 Service Unavailable: Back-end server is at capacity
2024-07-17T20:22:27Z	503 Service Unavailable: Back-end server is at capacity
2024-07-17T21:02:04Z	504 GATEWAY_TIMEOUT
2024-07-17T21:02:09Z	504 GATEWAY_TIMEOUT
2024-07-17T21:02:14Z	504 GATEWAY_TIMEOUT
2024-07-17T21:02:19Z	502 Bad Gateway
2024-07-17T21:02:23Z	502 Bad Gateway
2024-07-17T21:02:28Z	502 Bad Gateway
2024-07-17T21:02:30Z	502 Bad Gateway
2024-07-17T21:02:35Z	502 Bad Gateway
2024-07-17T21:02:39Z	502 Bad Gateway
2024-07-17T21:02:45Z	502 Bad Gateway
2024-07-17T21:02:50Z	502 Bad Gateway
2024-07-17T21:02:54Z	502 Bad Gateway
2024-07-17T21:02:57Z	502 Bad Gateway
2024-07-17T21:03:03Z	502 Bad Gateway
2024-07-17T21:04:21Z	502 Bad Gateway
2024-07-17T21:05:16Z	502 Bad Gateway
2024-07-17T21:06:41Z	503 Service Unavailable: Back-end server is at capacity
2024-07-17T21:11:49Z	502 Bad Gateway
2024-07-17T21:12:41Z	502 Bad Gateway
2024-07-17T21:13:35Z	503 Service Unavailable: Back-end server is at capacity
2024-07-17T21:14:18Z	503 Service Unavailable: Back-end server is at capacity
2024-07-17T21:15:52Z	502 Bad Gateway
2024-07-17T21:16:32Z	502 Bad Gateway
2024-07-17T21:18:03Z	502 Bad Gateway
2024-07-17T21:18:46Z	502 Bad Gateway
2024-07-17T21:19:24Z	503 Service Unavailable: Back-end server is at capacity
2024-07-17T21:20:18Z	503 Service Unavailable: Back-end server is at capacity
2024-07-17T21:20:57Z	503 Service Unavailable: Back-end server is at capacity
2024-07-17T21:22:53Z	504 GATEWAY_TIMEOUT
2024-07-17T21:23:06Z	502 Bad Gateway
2024-07-17T21:23:16Z	502 Bad Gateway
2024-07-17T21:23:31Z	502 Bad Gateway
2024-07-17T21:23:43Z	502 Bad Gateway
2024-07-17T21:26:24Z	503 Service Unavailable: Back-end server is at capacity
2024-07-17T21:27:15Z	503 Service Unavailable: Back-end server is at capacity
2024-07-17T21:28:50Z	504 GATEWAY_TIMEOUT
2024-07-17T21:29:10Z	504 GATEWAY_TIMEOUT
2024-07-17T21:32:49Z	503 Service Unavailable: Back-end server is at capacity
2024-07-17T21:34:32Z	502 Bad Gateway
2024-07-17T21:35:07Z	502 Bad Gateway
2024-07-17T21:35:47Z	502 Bad Gateway
2024-07-17T21:48:22Z	502 Bad Gateway
2024-07-17T21:49:01Z	502 Bad Gateway
2024-07-17T21:50:43Z	503 Service Unavailable: Back-end server is at capacity
2024-07-17T21:53:27Z	502 Bad Gateway
2024-07-17T21:54:35Z	502 Bad Gateway
2024-07-17T21:55:35Z	502 Bad Gateway
2024-07-17T22:04:00Z	504 GATEWAY_TIMEOUT
2024-07-17T22:07:09Z	503 Service Unavailable: Back-end server is at capacity
2024-07-17T22:27:14Z	502 Bad Gateway
2024-07-17T22:27:46Z	502 Bad Gateway
2024-07-17T22:28:12Z	502 Bad Gateway
2024-07-17T22:28:40Z	502 Bad Gateway
2024-07-17T22:30:07Z	502 Bad Gateway
2024-07-17T22:30:31Z	503 Service Unavailable: Back-end server is at capacity
2024-07-17T22:30:57Z	503 Service Unavailable: Back-end server is at capacity
2024-07-17T22:45:29Z	502 Bad Gateway
2024-07-17T22:45:35Z	502 Bad Gateway
2024-07-17T22:46:26Z	502 Bad Gateway
2024-07-17T22:48:51Z	502 Bad Gateway
2024-07-17T22:51:25Z	502 Bad Gateway
2024-07-17T22:52:25Z	503 Service Unavailable: Back-end server is at capacity
2024-07-17T23:12:27Z	502 Bad Gateway
2024-07-17T23:15:19Z	503 Service Unavailable: Back-end server is at capacity
2024-07-18T13:53:13Z	504 GATEWAY_TIMEOUT
2024-07-18T16:53:03Z	504 GATEWAY_TIMEOUT
2024-07-18T16:53:07Z	504 GATEWAY_TIMEOUT
2024-07-18T16:53:12Z	504 GATEWAY_TIMEOUT
2024-07-18T16:53:17Z	502 Bad Gateway
2024-07-18T16:53:22Z	502 Bad Gateway
2024-07-18T16:53:25Z	502 Bad Gateway
2024-07-18T16:53:29Z	502 Bad Gateway
2024-07-18T16:54:11Z	502 Bad Gateway
2024-07-18T16:56:50Z	503 Service Unavailable: Back-end server is at capacity
2024-07-18T16:58:17Z	503 Service Unavailable: Back-end server is at capacity
2024-07-18T17:01:00Z	504 GATEWAY_TIMEOUT
2024-07-18T17:01:32Z	502 Bad Gateway
2024-07-18T17:02:51Z	502 Bad Gateway
2024-07-18T17:03:41Z	502 Bad Gateway
2024-07-18T17:04:42Z	503 Service Unavailable: Back-end server is at capacity
2024-07-18T17:07:20Z	502 Bad Gateway
2024-07-18T17:08:13Z	502 Bad Gateway
2024-07-18T17:09:55Z	503 Service Unavailable: Back-end server is at capacity
2024-07-18T17:11:07Z	503 Service Unavailable: Back-end server is at capacity
2024-07-18T17:12:01Z	503 Service Unavailable: Back-end server is at capacity
2024-07-18T17:16:30Z	504 GATEWAY_TIMEOUT
2024-07-18T17:16:32Z	504 GATEWAY_TIMEOUT
2024-07-18T17:16:34Z	504 GATEWAY_TIMEOUT
2024-07-18T17:16:36Z	504 GATEWAY_TIMEOUT
2024-07-18T17:16:40Z	504 GATEWAY_TIMEOUT
2024-07-18T17:16:42Z	502 Bad Gateway
2024-07-18T17:16:44Z	504 GATEWAY_TIMEOUT
2024-07-18T17:17:29Z	502 Bad Gateway
2024-07-18T17:18:35Z	502 Bad Gateway
2024-07-18T17:19:55Z	502 Bad Gateway
2024-07-18T17:21:19Z	503 Service Unavailable: Back-end server is at capacity
2024-07-18T17:22:47Z	503 Service Unavailable: Back-end server is at capacity
2024-07-18T17:24:14Z	502 Bad Gateway
2024-07-18T17:25:41Z	502 Bad Gateway
2024-07-18T17:27:07Z	503 Service Unavailable: Back-end server is at capacity
2024-07-18T17:28:35Z	503 Service Unavailable: Back-end server is at capacity
2024-07-18T17:29:35Z	504 GATEWAY_TIMEOUT
2024-07-18T17:30:42Z	502 Bad Gateway
2024-07-18T17:32:09Z	502 Bad Gateway
2024-07-18T17:33:10Z	503 Service Unavailable: Back-end server is at capacity
2024-07-18T17:34:41Z	503 Service Unavailable: Back-end server is at capacity
2024-07-18T18:04:42Z	502 Bad Gateway
2024-07-18T18:07:20Z	504 GATEWAY_TIMEOUT
2024-07-18T18:08:37Z	503 Service Unavailable: Back-end server is at capacity
2024-07-18T18:10:37Z	502 Bad Gateway
2024-07-18T18:11:20Z	502 Bad Gateway
2024-07-18T18:11:39Z	502 Bad Gateway
2024-07-18T18:12:54Z	504 GATEWAY_TIMEOUT
2024-07-18T18:13:30Z	502 Bad Gateway
2024-07-18T18:14:32Z	503 Service Unavailable: Back-end server is at capacity
2024-07-18T18:17:30Z	502 Bad Gateway
2024-07-18T18:18:52Z	502 Bad Gateway
2024-07-18T18:21:55Z	503 Service Unavailable: Back-end server is at capacity
2024-07-18T18:24:25Z	502 Bad Gateway
2024-07-18T18:25:53Z	502 Bad Gateway
2024-07-18T18:33:50Z	502 Bad Gateway
2024-07-18T18:35:13Z	502 Bad Gateway
2024-07-18T18:36:44Z	503 Service Unavailable: Back-end server is at capacity
2024-07-18T18:39:07Z	502 Bad Gateway
2024-07-18T18:41:18Z	502 Bad Gateway
2024-07-18T18:42:36Z	503 Service Unavailable: Back-end server is at capacity
2024-07-18T18:47:27Z	502 Bad Gateway
2024-07-18T18:48:16Z	502 Bad Gateway
2024-07-18T18:48:52Z	502 Bad Gateway
2024-07-18T18:49:44Z	502 Bad Gateway
2024-07-18T18:50:13Z	503 Service Unavailable: Back-end server is at capacity
2024-07-18T18:53:54Z	502 Bad Gateway
2024-07-18T18:54:49Z	502 Bad Gateway
2024-07-18T18:56:58Z	503 Service Unavailable: Back-end server is at capacity
2024-07-18T18:57:46Z	503 Service Unavailable: Back-end server is at capacity
2024-07-18T19:04:26Z	502 Bad Gateway
2024-07-18T19:06:41Z	502 Bad Gateway
2024-07-18T19:07:32Z	503 Service Unavailable: Back-end server is at capacity
2024-07-18T19:08:18Z	503 Service Unavailable: Back-end server is at capacity
2024-07-18T19:11:34Z	502 Bad Gateway
2024-07-18T19:12:00Z	502 Bad Gateway
2024-07-18T19:13:14Z	502 Bad Gateway
2024-07-18T19:14:17Z	502 Bad Gateway
2024-07-18T19:15:35Z	503 Service Unavailable: Back-end server is at capacity
2024-07-18T19:17:52Z	502 Bad Gateway
2024-07-18T19:22:22Z	503 Service Unavailable: Back-end server is at capacity
2024-07-18T19:24:40Z	502 Bad Gateway
2024-07-18T19:27:17Z	502 Bad Gateway
2024-07-18T19:28:23Z	503 Service Unavailable: Back-end server is at capacity
2024-07-18T19:32:06Z	502 Bad Gateway
2024-07-18T19:34:01Z	503 Service Unavailable: Back-end server is at capacity
2024-07-18T19:35:09Z	503 Service Unavailable: Back-end server is at capacity
2024-07-18T19:38:43Z	502 Bad Gateway
2024-07-18T19:41:07Z	503 Service Unavailable: Back-end server is at capacity
2024-07-18T19:53:15Z	502 Bad Gateway
2024-07-18T19:53:38Z	502 Bad Gateway
2024-07-18T19:54:23Z	502 Bad Gateway
2024-07-18T19:56:11Z	504 GATEWAY_TIMEOUT
2024-07-18T19:57:06Z	503 Service Unavailable: Back-end server is at capacity
2024-07-18T20:02:51Z	502 Bad Gateway
2024-07-18T20:03:55Z	503 Service Unavailable: Back-end server is at capacity
2024-07-18T20:06:49Z	502 Bad Gateway
2024-07-18T20:08:27Z	502 Bad Gateway
2024-07-18T20:10:26Z	503 Service Unavailable: Back-end server is at capacity
2024-07-18T20:20:53Z	503 Service Unavailable: Back-end server is at capacity
2024-07-18T20:21:36Z	503 Service Unavailable: Back-end server is at capacity
2024-07-18T20:23:08Z	504 GATEWAY_TIMEOUT
2024-07-18T20:23:48Z	502 Bad Gateway
2024-07-18T20:24:55Z	502 Bad Gateway
2024-07-18T20:26:23Z	503 Service Unavailable: Back-end server is at capacity
2024-07-18T20:27:21Z	503 Service Unavailable: Back-end server is at capacity
2024-07-18T20:29:16Z	504 GATEWAY_TIMEOUT
2024-07-18T20:30:01Z	502 Bad Gateway
2024-07-18T20:31:24Z	502 Bad Gateway
2024-07-18T20:32:12Z	503 Service Unavailable: Back-end server is at capacity
2024-07-18T20:33:31Z	503 Service Unavailable: Back-end server is at capacity
2024-07-18T20:35:58Z	502 Bad Gateway
2024-07-18T20:38:23Z	502 Bad Gateway
2024-07-18T20:39:14Z	503 Service Unavailable: Back-end server is at capacity
2024-07-18T20:40:02Z	503 Service Unavailable: Back-end server is at capacity
2024-07-18T20:42:08Z	504 GATEWAY_TIMEOUT
2024-07-18T20:43:00Z	502 Bad Gateway
2024-07-18T20:44:25Z	502 Bad Gateway
2024-07-18T20:45:42Z	502 Bad Gateway
2024-07-18T20:47:04Z	503 Service Unavailable: Back-end server is at capacity
2024-07-18T20:49:10Z	502 Bad Gateway
2024-07-18T20:50:17Z	502 Bad Gateway
2024-07-18T21:02:53Z	504 GATEWAY_TIMEOUT
2024-07-18T21:03:37Z	502 Bad Gateway
2024-07-18T21:06:03Z	502 Bad Gateway
2024-07-18T21:07:24Z	503 Service Unavailable: Back-end server is at capacity
2024-07-18T21:09:49Z	502 Bad Gateway
2024-07-18T21:10:22Z	502 Bad Gateway
2024-07-18T21:11:30Z	502 Bad Gateway
2024-07-18T21:12:16Z	502 Bad Gateway
2024-07-18T21:13:19Z	503 Service Unavailable: Back-end server is at capacity
2024-07-18T21:13:56Z	503 Service Unavailable: Back-end server is at capacity
2024-07-18T21:15:53Z	504 GATEWAY_TIMEOUT
2024-07-18T21:16:59Z	502 Bad Gateway
2024-07-18T21:18:57Z	503 Service Unavailable: Back-end server is at capacity
2024-07-18T21:19:59Z	503 Service Unavailable: Back-end server is at capacity
2024-07-18T21:26:47Z	502 Bad Gateway
2024-07-18T21:27:34Z	502 Bad Gateway
2024-07-18T21:28:08Z	502 Bad Gateway
2024-07-18T21:29:40Z	502 Bad Gateway
2024-07-18T21:30:14Z	503 Service Unavailable: Back-end server is at capacity
2024-07-18T21:30:58Z	503 Service Unavailable: Back-end server is at capacity
2024-07-18T21:31:36Z	503 Service Unavailable: Back-end server is at capacity
2024-07-18T21:33:06Z	504 GATEWAY_TIMEOUT
2024-07-18T21:33:42Z	502 Bad Gateway
2024-07-18T21:35:05Z	502 Bad Gateway
2024-07-18T21:36:29Z	504 GATEWAY_TIMEOUT
2024-07-18T21:37:36Z	503 Service Unavailable: Back-end server is at capacity
2024-07-18T21:39:52Z	502 Bad Gateway
2024-07-18T21:42:10Z	504 GATEWAY_TIMEOUT
2024-07-18T21:43:26Z	503 Service Unavailable: Back-end server is at capacity
2024-07-18T21:44:01Z	503 Service Unavailable: Back-end server is at capacity
2024-07-18T21:46:04Z	502 Bad Gateway
2024-07-18T21:46:50Z	502 Bad Gateway
2024-07-18T21:48:00Z	502 Bad Gateway
2024-07-18T21:48:36Z	503 Service Unavailable: Back-end server is at capacity
2024-07-18T21:49:11Z	503 Service Unavailable: Back-end server is at capacity
2024-07-18T21:49:32Z	503 Service Unavailable: Back-end server is at capacity
2024-07-18T21:50:05Z	503 Service Unavailable: Back-end server is at capacity
2024-07-18T21:58:56Z	502 Bad Gateway
2024-07-18T21:59:12Z	502 Bad Gateway
2024-07-18T22:01:10Z	502 Bad Gateway
2024-07-18T22:01:56Z	503 Service Unavailable: Back-end server is at capacity
2024-07-18T22:04:19Z	502 Bad Gateway
2024-07-18T22:04:38Z	502 Bad Gateway
2024-07-18T22:05:15Z	502 Bad Gateway
2024-07-18T22:05:44Z	502 Bad Gateway
2024-07-18T22:06:19Z	502 Bad Gateway
2024-07-18T22:06:52Z	502 Bad Gateway
2024-07-18T22:07:49Z	503 Service Unavailable: Back-end server is at capacity
2024-07-18T22:08:42Z	503 Service Unavailable: Back-end server is at capacity
2024-07-18T22:10:59Z	502 Bad Gateway
2024-07-18T22:20:15Z	502 Bad Gateway
2024-07-18T22:21:38Z	503 Service Unavailable: Back-end server is at capacity
2024-07-18T22:24:09Z	502 Bad Gateway
2024-07-18T22:25:36Z	502 Bad Gateway
2024-07-18T22:26:53Z	503 Service Unavailable: Back-end server is at capacity
2024-07-18T22:28:13Z	503 Service Unavailable: Back-end server is at capacity
2024-07-18T22:30:34Z	502 Bad Gateway
2024-07-18T22:37:20Z	504 GATEWAY_TIMEOUT
2024-07-18T22:37:33Z	502 Bad Gateway
2024-07-18T22:37:56Z	502 Bad Gateway
2024-07-18T22:38:09Z	502 Bad Gateway
2024-07-18T22:39:34Z	502 Bad Gateway
2024-07-18T22:40:57Z	503 Service Unavailable: Back-end server is at capacity
2024-07-18T22:43:39Z	502 Bad Gateway
2024-07-18T22:45:04Z	502 Bad Gateway
2024-07-18T22:46:22Z	504 GATEWAY_TIMEOUT
2024-07-18T22:47:30Z	503 Service Unavailable: Back-end server is at capacity
2024-07-18T22:50:13Z	504 GATEWAY_TIMEOUT
2024-07-18T22:51:39Z	502 Bad Gateway
2024-07-18T22:53:58Z	503 Service Unavailable: Back-end server is at capacity
2024-07-18T22:59:11Z	502 Bad Gateway
2024-07-18T23:00:03Z	503 Service Unavailable: Back-end server is at capacity
2024-07-18T23:00:34Z	503 Service Unavailable: Back-end server is at capacity
2024-07-18T23:03:24Z	502 Bad Gateway
2024-07-18T23:06:59Z	503 Service Unavailable: Back-end server is at capacity
2024-07-18T23:14:06Z	503 Service Unavailable: Back-end server is at capacity
2024-07-18T23:21:25Z	503 Service Unavailable: Back-end server is at capacity
2024-07-18T23:26:27Z	502 Bad Gateway
2024-07-18T23:28:37Z	502 Bad Gateway
2024-07-18T23:29:24Z	503 Service Unavailable: Back-end server is at capacity
2024-07-18T23:30:27Z	503 Service Unavailable: Back-end server is at capacity
2024-07-18T23:33:12Z	502 Bad Gateway
2024-07-18T23:34:18Z	502 Bad Gateway
2024-07-18T23:36:19Z	503 Service Unavailable: Back-end server is at capacity
2024-07-18T23:37:12Z	503 Service Unavailable: Back-end server is at capacity
2024-07-18T23:39:33Z	502 Bad Gateway
2024-07-18T23:40:04Z	502 Bad Gateway
2024-07-18T23:50:00Z	503 Service Unavailable: Back-end server is at capacity
2024-07-18T23:50:29Z	503 Service Unavailable: Back-end server is at capacity
2024-07-19T00:02:12Z	502 Bad Gateway
2024-07-19T00:02:31Z	502 Bad Gateway
2024-07-19T00:04:12Z	502 Bad Gateway
2024-07-19T00:05:28Z	503 Service Unavailable: Back-end server is at capacity
2024-07-19T00:19:04Z	502 Bad Gateway
2024-07-19T00:19:35Z	502 Bad Gateway
2024-07-19T00:21:38Z	502 Bad Gateway
2024-07-19T00:22:09Z	503 Service Unavailable: Back-end server is at capacity
2024-07-19T00:22:27Z	503 Service Unavailable: Back-end server is at capacity
2024-07-19T00:22:41Z	503 Service Unavailable: Back-end server is at capacity
2024-07-19T00:23:13Z	503 Service Unavailable: Back-end server is at capacity
2024-07-19T00:38:34Z	502 Bad Gateway
2024-07-19T00:40:12Z	502 Bad Gateway
2024-07-19T00:40:50Z	502 Bad Gateway
2024-07-19T00:41:59Z	503 Service Unavailable: Back-end server is at capacity
2024-07-19T00:50:56Z	503 Service Unavailable: Back-end server is at capacity
2024-07-19T00:51:37Z	503 Service Unavailable: Back-end server is at capacity
2024-07-19T01:18:54Z	503 Service Unavailable: Back-end server is at capacity
2024-07-19T01:19:23Z	503 Service Unavailable: Back-end server is at capacity
2024-07-19T01:19:47Z	503 Service Unavailable: Back-end server is at capacity
2024-07-19T01:20:14Z	503 Service Unavailable: Back-end server is at capacity
2024-07-19T01:23:06Z	503 Service Unavailable: Back-end server is at capacity
2024-07-19T01:34:26Z	502 Bad Gateway
2024-07-19T01:36:39Z	503 Service Unavailable: Back-end server is at capacity
2024-07-19T08:14:18Z	504 GATEWAY_TIMEOUT
2024-07-19T11:22:39Z	504 GATEWAY_TIMEOUT
2024-07-19T16:04:14Z	504 GATEWAY_TIMEOUT
2024-07-19T16:04:19Z	502 Bad Gateway
2024-07-19T16:04:25Z	502 Bad Gateway
2024-07-19T16:04:29Z	502 Bad Gateway
2024-07-19T16:05:40Z	502 Bad Gateway
2024-07-19T16:07:02Z	502 Bad Gateway
2024-07-19T16:08:31Z	503 Service Unavailable: Back-end server is at capacity
2024-07-19T16:09:55Z	503 Service Unavailable: Back-end server is at capacity
2024-07-19T16:11:18Z	502 Bad Gateway
2024-07-19T16:12:46Z	504 GATEWAY_TIMEOUT
2024-07-19T16:14:15Z	502 Bad Gateway
2024-07-19T16:15:26Z	503 Service Unavailable: Back-end server is at capacity
2024-07-19T16:16:21Z	503 Service Unavailable: Back-end server is at capacity
2024-07-19T16:17:52Z	502 Bad Gateway
2024-07-19T16:19:19Z	502 Bad Gateway
2024-07-19T16:20:35Z	502 Bad Gateway
2024-07-19T16:22:04Z	503 Service Unavailable: Back-end server is at capacity
2024-07-19T16:23:13Z	503 Service Unavailable: Back-end server is at capacity
2024-07-19T16:25:38Z	504 GATEWAY_TIMEOUT
2024-07-19T16:26:15Z	502 Bad Gateway
2024-07-19T16:28:59Z	503 Service Unavailable: Back-end server is at capacity
2024-07-19T17:08:06Z	504 GATEWAY_TIMEOUT
2024-07-19T17:08:09Z	504 GATEWAY_TIMEOUT
2024-07-19T17:08:12Z	504 GATEWAY_TIMEOUT
2024-07-19T17:08:15Z	504 GATEWAY_TIMEOUT
2024-07-19T17:08:17Z	504 GATEWAY_TIMEOUT
2024-07-19T17:08:21Z	502 Bad Gateway
2024-07-19T17:08:24Z	502 Bad Gateway
2024-07-19T17:08:27Z	502 Bad Gateway
2024-07-19T17:08:30Z	502 Bad Gateway
2024-07-19T17:08:33Z	502 Bad Gateway
2024-07-19T17:08:35Z	502 Bad Gateway
2024-07-19T17:08:36Z	502 Bad Gateway
2024-07-19T17:08:39Z	502 Bad Gateway
2024-07-19T17:08:42Z	502 Bad Gateway
2024-07-19T17:08:44Z	502 Bad Gateway
2024-07-19T17:08:47Z	502 Bad Gateway
2024-07-19T17:08:48Z	502 Bad Gateway
2024-07-19T17:10:15Z	502 Bad Gateway
2024-07-19T17:11:23Z	502 Bad Gateway
2024-07-19T17:12:48Z	503 Service Unavailable: Back-end server is at capacity
2024-07-19T17:13:41Z	503 Service Unavailable: Back-end server is at capacity
2024-07-19T17:16:05Z	502 Bad Gateway
2024-07-19T17:17:21Z	504 GATEWAY_TIMEOUT
2024-07-19T17:18:35Z	502 Bad Gateway
2024-07-19T17:19:41Z	503 Service Unavailable: Back-end server is at capacity
2024-07-19T18:02:45Z	504 GATEWAY_TIMEOUT
2024-07-19T18:03:59Z	502 Bad Gateway
2024-07-19T18:05:19Z	502 Bad Gateway
2024-07-19T18:06:28Z	503 Service Unavailable: Back-end server is at capacity
2024-07-19T18:08:45Z	502 Bad Gateway
2024-07-19T18:09:35Z	504 GATEWAY_TIMEOUT
2024-07-19T18:10:10Z	502 Bad Gateway
2024-07-19T18:11:35Z	503 Service Unavailable: Back-end server is at capacity
2024-07-19T18:14:58Z	502 Bad Gateway
2024-07-19T18:15:57Z	502 Bad Gateway
2024-07-19T18:16:57Z	502 Bad Gateway
2024-07-19T18:17:38Z	502 Bad Gateway
2024-07-19T18:18:24Z	503 Service Unavailable: Back-end server is at capacity
2024-07-19T18:19:24Z	503 Service Unavailable: Back-end server is at capacity
2024-07-19T19:02:36Z	504 GATEWAY_TIMEOUT
2024-07-19T19:03:06Z	504 GATEWAY_TIMEOUT
2024-07-19T19:05:38Z	502 Bad Gateway
2024-07-19T19:06:51Z	503 Service Unavailable: Back-end server is at capacity
2024-07-19T19:09:19Z	502 Bad Gateway
2024-07-19T19:10:05Z	502 Bad Gateway
2024-07-19T19:11:24Z	502 Bad Gateway
2024-07-19T19:12:50Z	503 Service Unavailable: Back-end server is at capacity
2024-07-19T19:14:20Z	503 Service Unavailable: Back-end server is at capacity
2024-07-19T19:15:48Z	502 Bad Gateway
2024-07-19T19:17:19Z	502 Bad Gateway
2024-07-19T19:18:43Z	503 Service Unavailable: Back-end server is at capacity
2024-07-19T19:19:58Z	503 Service Unavailable: Back-end server is at capacity
2024-07-19T19:20:43Z	503 Service Unavailable: Back-end server is at capacity
2024-07-19T19:22:13Z	502 Bad Gateway
2024-07-19T19:23:31Z	502 Bad Gateway
2024-07-19T19:25:00Z	503 Service Unavailable: Back-end server is at capacity
2024-07-19T19:26:29Z	503 Service Unavailable: Back-end server is at capacity
2024-07-19T19:28:55Z	502 Bad Gateway
2024-07-19T19:29:41Z	502 Bad Gateway
2024-07-19T19:31:03Z	504 GATEWAY_TIMEOUT
2024-07-19T19:32:23Z	503 Service Unavailable: Back-end server is at capacity
2024-07-19T19:33:40Z	503 Service Unavailable: Back-end server is at capacity
2024-07-19T19:36:11Z	502 Bad Gateway
2024-07-19T19:38:26Z	502 Bad Gateway
2024-07-19T19:39:48Z	503 Service Unavailable: Back-end server is at capacity
2024-07-19T19:50:56Z	502 Bad Gateway
2024-07-19T19:52:18Z	503 Service Unavailable: Back-end server is at capacity
2024-07-19T19:53:01Z	503 Service Unavailable: Back-end server is at capacity
2024-07-19T20:01:37Z	504 GATEWAY_TIMEOUT
2024-07-19T20:02:02Z	502 Bad Gateway
2024-07-19T20:02:30Z	502 Bad Gateway
2024-07-19T20:03:00Z	502 Bad Gateway
2024-07-19T20:05:38Z	503 Service Unavailable: Back-end server is at capacity
2024-07-19T20:16:54Z	503 Service Unavailable: Back-end server is at capacity
2024-07-19T20:21:59Z	502 Bad Gateway
2024-07-19T20:23:19Z	502 Bad Gateway
2024-07-19T20:25:57Z	503 Service Unavailable: Back-end server is at capacity
2024-07-19T20:33:06Z	502 Bad Gateway
2024-07-19T20:34:01Z	502 Bad Gateway
2024-07-19T20:36:12Z	503 Service Unavailable: Back-end server is at capacity
2024-07-19T20:36:58Z	503 Service Unavailable: Back-end server is at capacity
2024-07-19T20:39:21Z	502 Bad Gateway
2024-07-19T20:40:30Z	502 Bad Gateway
2024-07-19T20:42:55Z	503 Service Unavailable: Back-end server is at capacity
2024-07-19T20:46:26Z	502 Bad Gateway
2024-07-19T20:47:01Z	502 Bad Gateway
2024-07-19T20:48:07Z	502 Bad Gateway
2024-07-19T20:48:42Z	502 Bad Gateway
2024-07-19T20:49:53Z	503 Service Unavailable: Back-end server is at capacity
2024-07-19T20:53:00Z	502 Bad Gateway
2024-07-19T20:55:27Z	502 Bad Gateway
2024-07-19T20:56:23Z	503 Service Unavailable: Back-end server is at capacity
2024-07-19T20:57:07Z	503 Service Unavailable: Back-end server is at capacity
2024-07-19T21:03:11Z	502 Bad Gateway
2024-07-19T21:04:03Z	502 Bad Gateway
2024-07-19T21:06:13Z	502 Bad Gateway
2024-07-19T21:10:08Z	503 Service Unavailable: Back-end server is at capacity
2024-07-19T21:21:38Z	502 Bad Gateway
2024-07-19T21:22:58Z	502 Bad Gateway
2024-07-19T21:30:42Z	502 Bad Gateway
2024-07-19T21:31:45Z	503 Service Unavailable: Back-end server is at capacity
2024-07-19T21:43:05Z	502 Bad Gateway
2024-07-19T21:43:41Z	502 Bad Gateway
2024-07-19T21:44:29Z	502 Bad Gateway
2024-07-19T21:46:48Z	503 Service Unavailable: Back-end server is at capacity
2024-07-19T21:59:18Z	502 Bad Gateway
2024-07-19T22:01:46Z	503 Service Unavailable: Back-end server is at capacity
2024-07-19T22:02:10Z	503 Service Unavailable: Back-end server is at capacity
2024-07-19T22:14:08Z	502 Bad Gateway
2024-07-19T22:16:05Z	503 Service Unavailable: Back-end server is at capacity
2024-07-19T22:16:25Z	503 Service Unavailable: Back-end server is at capacity
2024-07-19T22:16:47Z	503 Service Unavailable: Back-end server is at capacity
2024-07-19T22:38:50Z	503 Service Unavailable: Back-end server is at capacity
2024-07-19T22:49:38Z	502 Bad Gateway
2024-07-19T22:49:57Z	502 Bad Gateway
2024-07-19T22:52:52Z	503 Service Unavailable: Back-end server is at capacity
2024-07-19T22:53:16Z	503 Service Unavailable: Back-end server is at capacity
2024-07-19T22:55:38Z	502 Bad Gateway
2024-07-19T22:58:40Z	503 Service Unavailable: Back-end server is at capacity
2024-07-19T22:59:08Z	503 Service Unavailable: Back-end server is at capacity
2024-07-19T22:59:27Z	503 Service Unavailable: Back-end server is at capacity
2024-07-19T23:10:42Z	502 Bad Gateway
2024-07-19T23:11:24Z	502 Bad Gateway
2024-07-19T23:13:04Z	502 Bad Gateway
2024-07-19T23:13:39Z	503 Service Unavailable: Back-end server is at capacity
2024-07-20T02:54:34Z	504 GATEWAY_TIMEOUT
2024-07-20T16:11:16Z	504 GATEWAY_TIMEOUT
2024-07-20T16:11:41Z	502 Bad Gateway
2024-07-20T16:12:14Z	502 Bad Gateway
2024-07-20T16:14:45Z	503 Service Unavailable: Back-end server is at capacity
2024-07-20T16:17:26Z	502 Bad Gateway
2024-07-20T16:21:08Z	503 Service Unavailable: Back-end server is at capacity
2024-07-20T16:24:40Z	502 Bad Gateway
2024-07-20T16:27:16Z	503 Service Unavailable: Back-end server is at capacity
2024-07-20T16:45:23Z	502 Bad Gateway
2024-07-20T16:46:51Z	502 Bad Gateway
2024-07-20T17:13:36Z	502 Bad Gateway
2024-07-20T17:14:11Z	502 Bad Gateway
2024-07-20T17:15:53Z	502 Bad Gateway
2024-07-20T17:16:40Z	503 Service Unavailable: Back-end server is at capacity
2024-07-20T17:17:35Z	503 Service Unavailable: Back-end server is at capacity
2024-07-20T17:20:30Z	502 Bad Gateway
2024-07-20T17:26:49Z	502 Bad Gateway
2024-07-20T17:28:02Z	502 Bad Gateway
2024-07-20T17:30:10Z	503 Service Unavailable: Back-end server is at capacity
2024-07-20T17:31:30Z	503 Service Unavailable: Back-end server is at capacity
2024-07-20T17:33:59Z	502 Bad Gateway
2024-07-20T17:35:11Z	502 Bad Gateway
2024-07-20T17:51:54Z	503 Service Unavailable: Back-end server is at capacity
2024-07-20T18:07:57Z	503 Service Unavailable: Back-end server is at capacity
2024-07-20T18:14:07Z	502 Bad Gateway
2024-07-20T18:15:14Z	503 Service Unavailable: Back-end server is at capacity
2024-07-20T18:24:42Z	502 Bad Gateway
2024-07-20T18:25:03Z	502 Bad Gateway
2024-07-20T18:28:01Z	502 Bad Gateway
2024-07-20T18:29:25Z	502 Bad Gateway
2024-07-20T18:31:00Z	502 Bad Gateway
2024-07-20T18:31:25Z	503 Service Unavailable: Back-end server is at capacity
2024-07-20T23:14:30Z	521
2024-07-20T23:14:31Z	521
2024-07-20T23:14:32Z	521
2024-07-26T16:51:07Z	504 GATEWAY_TIMEOUT
2024-07-29T21:02:55Z	504 GATEWAY_TIMEOUT
2024-07-29T21:03:33Z	502 Bad Gateway
2024-07-29T21:04:17Z	502 Bad Gateway
2024-07-29T21:04:53Z	502 Bad Gateway
2024-07-29T21:06:24Z	503 Service Unavailable: Back-end server is at capacity
2024-07-29T21:06:59Z	503 Service Unavailable: Back-end server is at capacity
2024-07-29T21:09:23Z	502 Bad Gateway
2024-07-29T21:10:20Z	502 Bad Gateway
2024-07-29T21:12:23Z	503 Service Unavailable: Back-end server is at capacity
2024-07-29T21:12:58Z	503 Service Unavailable: Back-end server is at capacity
2024-07-29T21:15:16Z	502 Bad Gateway
2024-07-29T21:15:28Z	502 Bad Gateway
2024-07-29T21:16:06Z	502 Bad Gateway
2024-07-29T21:18:49Z	503 Service Unavailable: Back-end server is at capacity
2024-07-29T21:19:13Z	503 Service Unavailable: Back-end server is at capacity
2024-07-29T21:21:36Z	502 Bad Gateway
2024-07-29T21:22:26Z	502 Bad Gateway
2024-07-29T21:24:17Z	502 Bad Gateway
2024-07-29T21:25:00Z	503 Service Unavailable: Back-end server is at capacity
2024-07-29T21:25:45Z	503 Service Unavailable: Back-end server is at capacity
2024-07-29T21:30:39Z	502 Bad Gateway
2024-07-29T21:31:13Z	502 Bad Gateway
2024-07-29T21:33:15Z	503 Service Unavailable: Back-end server is at capacity
2024-07-29T21:33:43Z	503 Service Unavailable: Back-end server is at capacity
2024-07-29T21:36:41Z	502 Bad Gateway
2024-07-29T21:37:51Z	502 Bad Gateway
2024-07-29T21:39:17Z	503 Service Unavailable: Back-end server is at capacity
2024-07-29T21:40:02Z	503 Service Unavailable: Back-end server is at capacity
2024-07-29T21:42:00Z	502 Bad Gateway
2024-07-29T21:42:22Z	502 Bad Gateway
2024-07-29T21:43:05Z	502 Bad Gateway
2024-07-29T21:45:15Z	503 Service Unavailable: Back-end server is at capacity
2024-07-29T21:45:45Z	503 Service Unavailable: Back-end server is at capacity
2024-07-29T21:57:39Z	502 Bad Gateway
2024-07-29T21:58:53Z	502 Bad Gateway
2024-07-29T22:00:38Z	502 Bad Gateway
2024-07-29T22:01:02Z	502 Bad Gateway
2024-07-29T22:01:30Z	503 Service Unavailable: Back-end server is at capacity
2024-07-29T22:01:52Z	503 Service Unavailable: Back-end server is at capacity
2024-07-29T23:35:13Z	502 Bad Gateway
2024-07-30T17:16:07Z	502 Bad Gateway
2024-07-30T17:16:34Z	502 Bad Gateway
2024-07-30T17:17:02Z	502 Bad Gateway
2024-07-30T17:18:02Z	502 Bad Gateway
2024-07-30T17:19:05Z	502 Bad Gateway
2024-07-30T17:19:34Z	502 Bad Gateway
2024-07-30T17:20:01Z	503 Service Unavailable: Back-end server is at capacity
2024-07-30T17:20:32Z	503 Service Unavailable: Back-end server is at capacity
2024-07-30T17:20:58Z	503 Service Unavailable: Back-end server is at capacity
2024-07-30T17:21:34Z	503 Service Unavailable: Back-end server is at capacity
2024-07-30T17:26:24Z	502 Bad Gateway
2024-07-30T17:26:29Z	502 Bad Gateway
2024-07-30T17:26:41Z	502 Bad Gateway
2024-07-30T17:26:54Z	502 Bad Gateway
2024-07-30T17:28:13Z	502 Bad Gateway
2024-07-30T17:29:29Z	502 Bad Gateway
2024-07-30T17:29:58Z	503 Service Unavailable: Back-end server is at capacity
2024-07-30T17:30:35Z	503 Service Unavailable: Back-end server is at capacity
2024-07-30T17:31:08Z	503 Service Unavailable: Back-end server is at capacity
2024-07-30T17:31:34Z	503 Service Unavailable: Back-end server is at capacity
2024-07-30T17:32:17Z	502 Bad Gateway
2024-07-30T17:32:35Z	502 Bad Gateway
2024-07-30T17:33:15Z	502 Bad Gateway
2024-07-30T17:33:57Z	504 GATEWAY_TIMEOUT
2024-07-30T17:34:32Z	502 Bad Gateway
2024-07-30T17:34:58Z	502 Bad Gateway
2024-07-30T17:35:37Z	502 Bad Gateway
2024-07-30T17:36:12Z	503 Service Unavailable: Back-end server is at capacity
2024-07-30T17:36:54Z	503 Service Unavailable: Back-end server is at capacity
2024-07-30T17:37:32Z	503 Service Unavailable: Back-end server is at capacity
2024-07-30T17:38:56Z	502 Bad Gateway
2024-07-30T17:39:16Z	502 Bad Gateway
2024-07-30T17:39:35Z	502 Bad Gateway
2024-07-30T17:39:49Z	502 Bad Gateway
2024-07-30T17:40:13Z	502 Bad Gateway
2024-07-30T17:41:42Z	502 Bad Gateway
2024-07-30T17:42:25Z	503 Service Unavailable: Back-end server is at capacity
2024-07-30T17:43:07Z	503 Service Unavailable: Back-end server is at capacity
2024-07-30T17:44:53Z	502 Bad Gateway
2024-07-30T17:45:24Z	502 Bad Gateway
2024-07-30T17:46:02Z	502 Bad Gateway
2024-07-30T17:47:59Z	502 Bad Gateway
2024-07-30T17:48:29Z	503 Service Unavailable: Back-end server is at capacity
2024-07-30T17:48:52Z	503 Service Unavailable: Back-end server is at capacity
2024-07-30T17:49:19Z	503 Service Unavailable: Back-end server is at capacity
2024-07-30T17:49:49Z	503 Service Unavailable: Back-end server is at capacity
2024-07-30T17:51:16Z	504 GATEWAY_TIMEOUT
2024-07-30T17:51:20Z	504 GATEWAY_TIMEOUT
2024-07-30T17:51:25Z	504 GATEWAY_TIMEOUT
2024-07-30T17:51:30Z	502 Bad Gateway
2024-07-30T17:51:35Z	502 Bad Gateway
2024-07-30T17:51:38Z	502 Bad Gateway
2024-07-30T17:53:34Z	502 Bad Gateway
2024-07-30T17:54:12Z	502 Bad Gateway
2024-07-30T17:54:54Z	503 Service Unavailable: Back-end server is at capacity
2024-07-30T17:55:27Z	503 Service Unavailable: Back-end server is at capacity
2024-07-30T17:56:06Z	503 Service Unavailable: Back-end server is at capacity
2024-07-30T17:57:41Z	502 Bad Gateway
2024-07-30T17:57:59Z	502 Bad Gateway
2024-07-30T17:58:39Z	502 Bad Gateway
2024-07-30T17:58:58Z	502 Bad Gateway
2024-07-30T18:00:39Z	502 Bad Gateway
2024-07-30T18:01:15Z	503 Service Unavailable: Back-end server is at capacity
2024-07-30T18:01:41Z	503 Service Unavailable: Back-end server is at capacity
2024-07-30T18:04:08Z	502 Bad Gateway
2024-07-30T18:04:17Z	502 Bad Gateway
2024-07-30T18:05:01Z	502 Bad Gateway
2024-07-30T18:06:57Z	502 Bad Gateway
2024-07-30T18:07:33Z	503 Service Unavailable: Back-end server is at capacity
2024-07-30T18:07:57Z	503 Service Unavailable: Back-end server is at capacity
2024-07-30T18:08:35Z	503 Service Unavailable: Back-end server is at capacity
2024-07-30T18:09:11Z	503 Service Unavailable: Back-end server is at capacity
2024-07-30T18:10:07Z	502 Bad Gateway
2024-07-30T18:10:35Z	502 Bad Gateway
2024-07-30T18:11:04Z	502 Bad Gateway
2024-07-30T18:11:30Z	502 Bad Gateway
2024-07-30T18:27:38Z	504 GATEWAY_TIMEOUT
2024-07-30T18:27:40Z	502 Bad Gateway
2024-07-30T19:13:52Z	503 Service Unavailable: Back-end server is at capacity
2024-07-30T19:15:16Z	504 GATEWAY_TIMEOUT
2024-07-30T19:15:37Z	502 Bad Gateway
2024-07-30T19:15:53Z	502 Bad Gateway
2024-07-30T19:16:56Z	502 Bad Gateway
2024-07-30T19:18:44Z	504 GATEWAY_TIMEOUT
2024-07-30T19:19:18Z	503 Service Unavailable: Back-end server is at capacity
2024-07-30T19:20:24Z	503 Service Unavailable: Back-end server is at capacity
2024-07-30T19:22:25Z	502 Bad Gateway
2024-07-30T19:23:18Z	502 Bad Gateway
2024-07-30T19:25:39Z	502 Bad Gateway
2024-07-30T19:26:14Z	503 Service Unavailable: Back-end server is at capacity
2024-07-30T19:26:38Z	503 Service Unavailable: Back-end server is at capacity
2024-07-30T19:51:06Z	502 Bad Gateway
2024-07-30T19:51:30Z	503 Service Unavailable: Back-end server is at capacity
2024-07-30T19:52:02Z	503 Service Unavailable: Back-end server is at capacity
2024-07-30T20:26:46Z	502 Bad Gateway
